episode,step_count,train_reward,train_throughput,train_drop_rate,train_jamming_failure_rate,train_fairness,epsilon,replay_size,avg_loss,avg_q,mode_usage_harvest,mode_usage_backscatter,mode_usage_active,invalid_action_rate,backscatter_success_rate,active_success_rate
1,200,-1011.9968148077381,55.0,0.695049504950495,0.0,0.7405140758873927,1.0,200,0.0,0.0,11.0,19.0,20.0,0.02,1.0,1.0
2,200,-1029.4131197845925,33.0,0.7197452229299363,0.0,0.49839816933638426,1.0,400,0.0,0.0,15.0,14.0,10.0,0.005,1.0,1.0
3,200,-933.8249919485504,74.0,0.655310621242485,0.0,0.9441379310344826,1.0,600,0.0,0.0,20.0,18.0,28.0,0.0,1.0,1.0
4,200,-990.8482337501098,49.0,0.6960985626283368,0.0,0.5750898203592814,1.0,800,0.0,0.0,18.0,17.0,16.0,0.0,1.0,1.0
5,200,-1184.405864368225,35.0,0.7563176895306859,0.0,0.49695740365111546,0.999981,1000,4.047163963317871,-0.011043733917176723,18.0,13.0,14.0,0.02,1.0,1.0
6,200,-973.612642118689,32.0,0.7053571428571429,0.0,0.4338983050847456,0.996181,1200,1.745827333331108,-4.265662239426747,8.0,15.0,10.0,0.01,1.0,1.0
7,200,-1018.5600397288181,44.0,0.7051546391752578,0.0,0.3926977687626774,0.992381,1400,1.1189653140306473,-4.801521883010865,18.0,10.0,17.0,0.005,1.0,1.0
8,200,-1023.7711315170457,34.0,0.7215189873417721,0.0,0.285432098765432,0.988581,1600,0.9073837473988533,-4.853866903781891,9.0,19.0,8.0,0.005,1.0,1.0
9,200,-1025.0076951923236,49.0,0.7128712871287128,0.0,0.522524483133841,0.984781,1800,0.7821632680296898,-4.83987178325653,16.0,14.0,18.0,0.015,1.0,1.0
10,200,-1036.9268962428866,26.0,0.7319148936170212,0.0,0.38192090395480205,0.980981,2000,0.7586204029619694,-4.915972127914428,12.0,19.0,4.0,0.005,1.0,1.0
11,200,-981.7532459310071,49.0,0.6953781512605042,0.0,0.5935723114956736,0.977181,2200,0.970596709549427,-4.628007185459137,20.0,15.0,18.0,0.01,1.0,1.0
12,200,-1081.1036291596622,16.0,0.7542372881355932,0.0,0.43389830508474503,0.973381,2400,0.8834369453787804,-4.8616856098175045,6.0,10.0,3.0,0.0,1.0,1.0
13,200,-926.93130313115,74.0,0.6526946107784432,0.0,0.7272244355909694,0.969581,2600,0.9171154093742371,-5.323059048652649,15.0,27.0,25.0,0.01,1.0,1.0
14,200,-1062.1062115854681,39.0,0.7225548902195609,0.0,0.5346221441124779,0.965781,2800,1.0507692709565162,-6.036540973186493,13.0,12.0,15.0,0.01,1.0,1.0
15,200,-971.0293428814415,69.0,0.6666666666666666,0.0,0.8479073909171859,0.961981,3000,1.1159784591197968,-6.354010744094849,22.0,17.0,27.0,0.01,1.0,1.0
16,200,-964.8291454470007,77.0,0.6588693957115009,0.0,0.7004134672179562,0.958181,3200,1.0246143478155136,-6.629960649013519,19.0,24.0,27.0,0.005,1.0,1.0
17,200,-1078.3762012992588,42.0,0.7253384912959381,0.0,0.597966101694915,0.954381,3400,0.9993328034877778,-6.9108497166633605,18.0,23.0,10.0,0.005,1.0,1.0
18,200,-1006.748914174466,43.0,0.7081632653061225,0.0,0.759342915811088,0.950581,3600,0.9597658753395081,-7.018882598876953,13.0,14.0,16.0,0.015,1.0,1.0
19,200,-1025.315982467706,52.0,0.6978131212723658,0.0,0.875080906148867,0.946781,3800,0.9816979649662971,-7.338310968875885,27.0,14.0,21.0,0.01,0.9230769230769231,1.0
20,200,-1102.2161508539625,26.0,0.7464788732394366,0.0,0.3976470588235292,0.942981,4000,0.9806738248467446,-7.363177568912506,29.0,12.0,7.0,0.005,1.0,1.0
21,200,-979.1635309951587,72.0,0.6705202312138728,0.0,0.9207815275310833,0.939181,4200,1.057413623034954,-6.592302002906799,19.0,24.0,25.0,0.005,1.0,1.0
22,200,-990.80352854046,48.0,0.6942148760330579,0.0,0.7890410958904107,0.935381,4400,0.9865592348575593,-6.955476469993592,21.0,16.0,19.0,0.025,1.0,1.0
23,200,-1061.1703853842434,50.0,0.715370018975332,0.0,0.6849315068493149,0.931581,4600,1.002222944200039,-7.318887641429901,17.0,19.0,17.0,0.005,1.0,1.0
24,200,-1002.5377780682517,37.0,0.7136842105263158,0.0,0.51758034026465,0.927781,4800,1.0068655943870544,-7.5607258772850034,7.0,8.0,15.0,0.01,1.0,1.0
25,200,-969.7827584270971,59.0,0.6748466257668712,0.0,0.6941176470588234,0.923981,5000,1.0506977671384812,-7.844563820362091,28.0,22.0,19.0,0.005,1.0,1.0
26,200,-966.1137520328774,58.0,0.6768916155419223,0.0,0.6921810699588477,0.920181,5200,1.0325461149215698,-7.373539700508117,20.0,29.0,17.0,0.02,1.0,1.0
27,200,-986.4136359661325,64.0,0.6786427145708582,0.0,0.7772296015180264,0.916381,5400,0.9274003699421882,-7.51255597114563,11.0,17.0,24.0,0.01,1.0,1.0
28,200,-1063.2709329936292,32.0,0.7331975560081466,0.0,0.40959999999999985,0.912581,5600,0.9602994838356972,-7.849544038772583,20.0,13.0,11.0,0.015,1.0,1.0
29,200,-1050.0521307007475,38.0,0.7232323232323232,0.0,0.6843601895734595,0.9087810000000001,5800,0.9260502064228058,-8.02270094871521,18.0,10.0,16.0,0.01,1.0,1.0
30,200,-1034.6778249170409,24.0,0.7372881355932204,0.0,0.48403361344537776,0.904981,6000,1.0181091773509978,-8.231225006580352,10.0,8.0,10.0,0.02,1.0,1.0
31,200,-1063.4421335310165,36.0,0.7274549098196392,0.0,0.7005405405405402,0.901181,6200,1.0884737202525139,-7.881368107795716,12.0,11.0,16.0,0.025,1.0,1.0
32,200,-959.3854750227168,56.0,0.6764705882352942,0.0,0.4907668231611893,0.897381,6400,0.9755143967270851,-7.9858642578125,17.0,17.0,20.0,0.0,0.9411764705882353,1.0
33,200,-1148.6208797256768,5.0,0.784394250513347,0.0,0.1999999999999984,0.893581,6600,1.007546302974224,-8.174232187271118,1.0,1.0,4.0,0.01,1.0,1.0
34,200,-945.6777752289076,65.0,0.6611909650924025,0.0,0.894179894179894,0.889781,6800,1.0323274585604667,-8.405767533779144,18.0,14.0,26.0,0.01,1.0,1.0
35,200,-888.1911772566924,77.0,0.63125,0.0,0.738816199376947,0.885981,7000,1.0737653556466102,-8.501261799335479,11.0,22.0,31.0,0.015,1.0,1.0
36,200,-1103.6686864628182,45.0,0.7279549718574109,0.0,0.46605293440736467,0.882181,7200,1.0274811369180679,-7.701439151763916,17.0,13.0,16.0,0.0,1.0,1.0
37,200,-1004.3307701663299,56.0,0.687374749498998,0.0,0.545391304347826,0.878381,7400,0.9931261491775513,-8.056452405452728,19.0,14.0,21.0,0.005,1.0,1.0
38,200,-935.7228927542578,64.0,0.6632016632016632,0.0,0.6050221565731166,0.874581,7600,1.0382398721575736,-8.126832296848297,17.0,21.0,22.0,0.005,1.0,1.0
39,200,-1017.8721326574955,44.0,0.7101449275362319,0.0,0.5744807121661719,0.870781,7800,1.0444555160403253,-8.211936728954315,12.0,15.0,17.0,0.02,1.0,1.0
40,200,-1042.135135700518,45.0,0.7128712871287128,0.0,0.46285714285714274,0.866981,8000,1.064833137989044,-8.399328808784485,14.0,10.0,18.0,0.005,1.0,1.0
41,200,-995.2553357056615,47.0,0.7004132231404959,0.0,0.7400335008375207,0.863181,8200,1.0134195643663406,-8.013488144874573,12.0,18.0,17.0,0.02,1.0,1.0
42,200,-1179.7547182268456,21.0,0.7708333333333334,0.0,0.4666666666666662,0.859381,8400,0.9451613178849221,-8.314744505882263,11.0,11.0,5.0,0.01,1.0,1.0
43,200,-1188.0642614594778,31.0,0.7605118829981719,0.0,0.33195164075993083,0.855581,8600,0.9598309516906738,-8.570765104293823,8.0,9.0,12.0,0.005,1.0,1.0
44,200,-913.1239074196558,85.0,0.632,0.0,0.9151361621279289,0.851781,8800,0.9927213087677955,-8.663809285163879,23.0,30.0,30.0,0.02,1.0,1.0
45,200,-820.591106953571,87.0,0.5978260869565217,0.0,0.7077138849929873,0.847981,9000,1.0055641630291938,-9.039406149387359,18.0,17.0,38.0,0.015,1.0,1.0
46,200,-1079.8308851006216,44.0,0.722007722007722,0.0,0.5028571428571428,0.8441810000000001,9200,1.023409620821476,-8.49201337814331,9.0,20.0,14.0,0.005,1.0,0.9230769230769231
47,200,-1024.1388134453875,58.0,0.6970873786407767,0.0,0.9141304347826085,0.840381,9400,0.9651983219385147,-8.651430521011353,17.0,16.0,22.0,0.01,1.0,1.0
48,200,-997.5674888410392,65.0,0.6783625730994152,0.0,0.6022808267997148,0.836581,9600,0.9485097989439965,-8.694783790111542,17.0,26.0,22.0,0.015,1.0,1.0
49,200,-1089.4761787155503,3.0,0.7726269315673289,0.0,0.19999999999999554,0.832781,9800,0.9688570293784141,-8.930562314987183,0.0,2.0,2.0,0.01,1.0,1.0
50,200,-1056.397124910141,37.0,0.7204081632653061,0.0,0.7074935400516793,0.828981,10000,0.9719213056564331,-9.055519979000092,19.0,21.0,9.0,0.015,1.0,1.0
51,200,-1132.8219378503138,21.0,0.762278978388998,0.0,0.3919999999999997,0.825181,10200,1.0016570448875428,-8.83253216266632,6.0,9.0,7.0,0.005,1.0,1.0
52,200,-1121.6248021242095,42.0,0.7355679702048417,0.0,0.45115089514066486,0.821381,10400,0.9778043389320373,-8.991209807395935,9.0,11.0,17.0,0.01,1.0,1.0
53,200,-974.6699160889303,55.0,0.6868475991649269,0.0,0.6699889258028792,0.817581,10600,0.9500754660367966,-9.032678213119507,25.0,17.0,21.0,0.015,1.0,1.0
54,200,-1127.297330589925,26.0,0.754863813229572,0.0,0.5365079365079362,0.813781,10800,0.9500219765305519,-9.101782009601592,7.0,11.0,9.0,0.01,1.0,1.0
55,200,-1069.6222679629666,51.0,0.713472485768501,0.0,0.5238670694864047,0.8099810000000001,11000,0.9934210842847824,-9.048250849246978,12.0,20.0,18.0,0.025,1.0,1.0
56,200,-955.9479387122678,71.0,0.6653543307086615,0.0,0.7882720875684127,0.806181,11200,1.0039794924855232,-9.005403015613556,18.0,20.0,28.0,0.015,1.0,1.0
57,200,-1021.0293279694021,58.0,0.6963249516441006,0.0,0.8647814910025705,0.802381,11400,0.9804320162534714,-9.185946345329285,20.0,20.0,20.0,0.01,1.0,1.0
58,200,-953.096360173043,78.0,0.650197628458498,0.0,0.7595505617977527,0.798581,11600,1.0011028212308883,-9.222035458087921,15.0,28.0,28.0,0.015,1.0,1.0
59,200,-1106.154850288425,20.0,0.7610441767068273,0.0,0.1999999999999999,0.794781,11800,0.9702657350897789,-9.30015846967697,5.0,4.0,8.0,0.0,1.0,1.0
60,200,-1078.3288326899826,40.0,0.7279843444227005,0.0,0.34482758620689646,0.790981,12000,0.9896309569478035,-9.500692036151886,4.0,20.0,10.0,0.0,1.0,1.0
61,200,-976.5128495980795,59.0,0.6774847870182555,0.0,0.6221626452189454,0.787181,12200,1.0582075330615044,-9.404932026863099,12.0,7.0,28.0,0.02,1.0,1.0
62,200,-950.7125049169108,79.0,0.6509803921568628,0.0,0.39942399999999995,0.783381,12400,1.032868729531765,-9.46605959892273,14.0,26.0,27.0,0.0,1.0,1.0
63,200,-963.1137984907451,61.0,0.6707566462167689,0.0,0.7509586276488395,0.779581,12600,1.0445162880420684,-9.528180158138275,13.0,20.0,22.0,0.01,1.0,1.0
64,200,-1079.7681676796326,57.0,0.7092592592592593,0.0,0.7409350057012541,0.775781,12800,1.043490034043789,-9.628677790164948,13.0,9.0,25.0,0.005,1.0,1.0
65,200,-930.9595475847148,74.0,0.6519114688128773,0.0,0.6589651022864018,0.771981,13000,1.0866957080364228,-9.746211197376251,8.0,26.0,25.0,0.005,1.0,1.0
66,200,-895.6229335661185,90.0,0.62,0.0,0.7721639656816014,0.768181,13200,1.0383944043517113,-9.46671456336975,12.0,29.0,32.0,0.01,1.0,1.0
67,200,-1009.5168362267011,66.0,0.6846153846153846,0.0,0.6732612055641422,0.764381,13400,1.0148061394691468,-9.54426186323166,20.0,19.0,25.0,0.005,1.0,1.0
68,200,-828.2265154531196,85.0,0.6021739130434782,0.0,0.7243107769423558,0.760581,13600,1.0131513956189155,-9.644825117588043,30.0,22.0,32.0,0.0,1.0,1.0
69,200,-957.3600117981028,63.0,0.6754563894523327,0.0,0.5706685837526958,0.7567809999999999,13800,1.0348898768424988,-9.845571200847626,21.0,25.0,22.0,0.025,1.0,1.0
70,200,-879.8139786511911,75.0,0.6266094420600858,0.0,0.4797441364605543,0.752981,14000,1.0286145016551018,-9.887130990028382,16.0,35.0,23.0,0.02,1.0,1.0
71,200,-954.7974496722713,75.0,0.658203125,0.0,0.6051640667025281,0.7491810000000001,14200,1.0706018650531768,-9.67862502336502,14.0,23.0,27.0,0.0,1.0,1.0
72,200,-1075.4784244619054,22.0,0.75,0.0,0.5499999999999994,0.7453810000000001,14400,1.0452574625611306,-9.827929430007934,12.0,6.0,12.0,0.03,1.0,1.0
73,200,-987.9746558180651,64.0,0.6865079365079365,0.0,0.7098786828422876,0.741581,14600,1.0468742656707763,-10.034766073226928,26.0,14.0,31.0,0.05,1.0,1.0
74,200,-919.257788395798,73.0,0.6438923395445134,0.0,0.5839999999999999,0.737781,14800,1.0520032727718354,-10.076377379894257,13.0,29.0,24.0,0.005,0.9655172413793104,1.0
75,200,-902.6234303148477,81.0,0.6361788617886179,0.0,0.5483493522774759,0.733981,15000,1.0468742311000825,-10.198568217754364,19.0,21.0,32.0,0.025,1.0,1.0
76,200,-1031.7853145789277,63.0,0.6930320150659134,0.0,0.6620517097581317,0.730181,15200,1.0473751401901246,-10.038927381038667,9.0,13.0,26.0,0.005,1.0,1.0
77,200,-1037.6287209570316,30.0,0.7257383966244726,0.0,0.4522613065326631,0.7263809999999999,15400,1.0232260778546334,-10.30812825679779,5.0,12.0,11.0,0.01,1.0,1.0
78,200,-917.5747728144025,45.0,0.6777777777777778,0.0,0.47703180212014124,0.722581,15600,1.0117176967859267,-10.325290565490723,9.0,19.0,15.0,0.01,1.0,1.0
79,200,-842.5499237690183,96.0,0.6024590163934426,0.0,0.9151936444885798,0.718781,15800,1.0424233782291412,-10.371072413921356,16.0,34.0,36.0,0.04,1.0,1.0
80,200,-966.7864783510041,33.0,0.7064017660044151,0.0,0.5870619946091641,0.714981,16000,1.0150045430660248,-10.277216362953187,12.0,15.0,12.0,0.02,1.0,1.0
81,200,-904.5434245823931,76.0,0.6453608247422681,0.0,0.9010920436817471,0.7111810000000001,16200,1.0614610624313354,-10.383859105110169,27.0,15.0,33.0,0.015,0.9333333333333333,1.0
82,200,-1023.6557448553968,35.0,0.7163865546218487,0.0,0.3996737357259379,0.707381,16400,1.0681916266679763,-10.5011834526062,17.0,15.0,14.0,0.035,1.0,0.9166666666666666
83,200,-811.8016231982999,97.0,0.5870020964360587,0.0,0.7429135412554282,0.703581,16600,1.0092684572935104,-10.640118606090546,22.0,14.0,43.0,0.005,1.0,1.0
84,200,-990.0166397941974,76.0,0.6704545454545454,0.0,0.6468085106382977,0.699781,16800,1.0461432120203973,-10.625727031230927,15.0,19.0,32.0,0.025,1.0,1.0
85,200,-918.6968338064918,60.0,0.6559139784946236,0.0,0.5669291338582676,0.695981,17000,1.0274865594506264,-10.60718721151352,13.0,29.0,18.0,0.015,1.0,1.0
86,200,-917.989285694317,83.0,0.6347305389221557,0.0,0.7658699277376319,0.692181,17200,1.0742558193206788,-10.432237746715545,19.0,27.0,32.0,0.02,0.9615384615384616,1.0
87,200,-1021.1161712265061,62.0,0.6896551724137931,0.0,0.8041841004184099,0.688381,17400,1.0473008784651756,-10.417493467330933,16.0,23.0,23.0,0.03,1.0,1.0
88,200,-876.3605757655713,94.0,0.63,0.0,0.7308519437551695,0.6845810000000001,17600,1.0436016231775285,-10.549014360904694,16.0,33.0,31.0,0.01,1.0,1.0
89,200,-926.7918359557036,74.0,0.6475409836065574,0.0,0.6201585503963759,0.6807810000000001,17800,1.032430139183998,-10.541747291088104,16.0,20.0,31.0,0.04,1.0,1.0
90,200,-1114.6403390849682,38.0,0.7396226415094339,0.0,0.6716279069767439,0.676981,18000,1.05892623513937,-10.627939376831055,10.0,17.0,11.0,0.005,1.0,1.0
91,200,-1022.008111174103,74.0,0.6771799628942486,0.0,0.837308868501529,0.673181,18200,1.0867806911468505,-10.180140118598938,15.0,23.0,31.0,0.04,1.0,1.0
92,200,-937.5209834057897,87.0,0.6407766990291263,0.0,0.6840488025305015,0.669381,18400,1.0762676048278808,-10.233851692676545,19.0,32.0,30.0,0.015,1.0,1.0
93,200,-908.1660975865914,86.0,0.6332665330661322,0.0,0.4713830465264499,0.665581,18600,1.05322042375803,-10.285033016204833,21.0,36.0,25.0,0.015,1.0,1.0
94,200,-847.4611113065109,100.0,0.5951417004048583,0.0,0.8149959250203748,0.661781,18800,1.0756510591506958,-10.517943542003632,16.0,40.0,31.0,0.015,1.0,1.0
95,200,-856.3152775099486,99.0,0.6135458167330677,0.0,0.8654304635761588,0.6579809999999999,19000,1.082741162776947,-10.382430634498597,32.0,19.0,42.0,0.02,1.0,1.0
96,200,-1009.047186854022,47.0,0.7062374245472837,0.0,0.7450252951096119,0.654181,19200,1.1004015284776687,-10.613703153133393,15.0,12.0,24.0,0.045,1.0,1.0
97,200,-1023.0881540709507,52.0,0.6984126984126984,0.0,0.5063670411985017,0.650381,19400,1.0910624605417252,-10.87241473197937,21.0,8.0,25.0,0.01,1.0,1.0
98,200,-947.3468207435883,77.0,0.649402390438247,0.0,0.5973803526448361,0.6465810000000001,19600,1.0628794664144516,-10.901311297416687,10.0,39.0,22.0,0.03,1.0,1.0
99,200,-820.303767493686,110.0,0.5849802371541502,0.0,0.7841866493843161,0.642781,19800,1.0758767113089562,-10.787890226840974,27.0,39.0,38.0,0.025,1.0,1.0
100,200,-1130.5609777054226,37.0,0.7415094339622641,0.0,0.19999999999999998,0.638981,20000,1.0898338988423348,-10.924006462097168,14.0,8.0,16.0,0.01,1.0,1.0
101,200,-898.6818533014042,77.0,0.6417004048582996,0.0,0.7931772575250835,0.635181,20200,1.1284793719649315,-10.940993962287903,11.0,33.0,23.0,0.015,1.0,1.0
102,200,-949.0136667643914,89.0,0.6460674157303371,0.0,0.9736939151813152,0.631381,20400,1.1499296563863755,-11.109417998790741,19.0,26.0,32.0,0.01,1.0,1.0
103,200,-976.4862053044776,86.0,0.6490566037735849,0.0,0.4568252007411982,0.627581,20600,1.1204074478149415,-11.315682315826416,32.0,20.0,35.0,0.015,1.0,1.0
104,200,-808.0834576196658,93.0,0.5884861407249466,0.0,0.7433605500644606,0.623781,20800,1.13369264036417,-11.428475286960602,23.0,37.0,30.0,0.015,0.9722222222222222,0.9666666666666667
105,200,-1050.3352944024987,62.0,0.6979362101313321,0.0,0.6888888888888888,0.619981,21000,1.1752017045021057,-11.396650195121765,23.0,22.0,22.0,0.015,1.0,1.0
106,200,-936.7471791822543,59.0,0.6624203821656051,0.0,0.49340892983699497,0.6161810000000001,21200,1.2111174687743187,-11.23303050994873,9.0,21.0,19.0,0.005,1.0,1.0
107,200,-775.3074232424239,99.0,0.5774946921443737,0.0,0.820510673922143,0.6123810000000001,21400,1.2108313342928887,-11.520164785385132,33.0,26.0,37.0,0.0,1.0,1.0
108,200,-778.8460394427431,103.0,0.5747863247863247,0.0,0.6738012067322959,0.608581,21600,1.1626965346932412,-11.394273853302002,18.0,40.0,32.0,0.015,1.0,1.0
109,200,-939.5231250228974,89.0,0.6425855513307985,0.0,0.6855041107745563,0.604781,21800,1.1819794714450835,-11.440591750144959,20.0,26.0,34.0,0.025,1.0,1.0
110,200,-853.3843123266296,94.0,0.6072874493927125,0.0,0.6329512893982807,0.600981,22000,1.1517311555147172,-11.55399549484253,24.0,33.0,32.0,0.025,1.0,1.0
111,200,-1118.432031349239,43.0,0.7332089552238806,0.0,0.230404984423676,0.597181,22200,1.1534460598230363,-11.279818937778472,4.0,26.0,10.0,0.02,1.0,1.0
112,200,-943.1346646590722,79.0,0.6536964980544747,0.0,0.8428089128966914,0.5933809999999999,22400,1.1149673926830292,-11.234662384986878,22.0,21.0,34.0,0.025,1.0,1.0
113,200,-895.4435449839758,89.0,0.6204819277108434,0.0,0.7754282917278511,0.589581,22600,1.132500796020031,-11.387555632591248,21.0,30.0,33.0,0.025,1.0,1.0
114,200,-948.6816950473724,80.0,0.6557692307692308,0.0,0.9453471196454947,0.585781,22800,1.139885717332363,-11.396622343063354,17.0,39.0,21.0,0.015,1.0,1.0
115,200,-971.134494804736,88.0,0.6536312849162011,0.0,0.9175355450236965,0.5819810000000001,23000,1.1250796535611152,-11.478878738880157,21.0,21.0,38.0,0.02,1.0,1.0
116,200,-979.5423342875877,60.0,0.6867469879518072,0.0,0.6805293005671076,0.5781810000000001,23200,1.1543299040198327,-11.666879649162292,10.0,25.0,18.0,0.005,1.0,1.0
117,200,-882.3870710490191,84.0,0.6282828282828283,0.0,0.7788079470198674,0.574381,23400,1.148570275902748,-11.523948035240174,13.0,34.0,30.0,0.025,1.0,1.0
118,200,-911.5122256496468,79.0,0.642,0.0,0.8674079221681722,0.570581,23600,1.1420125606656075,-11.606082410812379,33.0,28.0,29.0,0.025,0.9629629629629629,1.0
119,200,-905.9065308025223,107.0,0.6172607879924953,0.0,0.7931416695531692,0.566781,23800,1.1351208940148354,-11.683208961486816,14.0,48.0,36.0,0.035,1.0,1.0
120,200,-1113.7229807137894,22.0,0.7569721115537849,0.0,0.31633986928104557,0.562981,24000,1.1624967667460442,-11.857500474452973,2.0,6.0,8.0,0.0,1.0,1.0
121,200,-1064.7674571712196,23.0,0.739406779661017,0.0,0.34462540716612355,0.559181,24200,1.1699417740106584,-11.703886139392853,20.0,4.0,10.0,0.005,1.0,1.0
122,200,-1047.2546488155406,50.0,0.7134502923976608,0.0,0.36873156342182883,0.555381,24400,1.211958300769329,-11.90236222743988,7.0,24.0,15.0,0.015,1.0,1.0
123,200,-839.9219252497969,99.0,0.6,0.0,0.9575964826575475,0.5515810000000001,24600,1.1613060745596886,-11.812482302188874,14.0,33.0,36.0,0.02,1.0,1.0
124,200,-1007.2739877317244,32.0,0.7173447537473233,0.0,0.5446808510638296,0.5477810000000001,24800,1.1383697083592415,-11.85851450920105,3.0,19.0,9.0,0.02,1.0,1.0
125,200,-991.8845321522798,89.0,0.6556776556776557,0.0,0.6670315789473683,0.543981,25000,1.1648470091819763,-11.827836089134216,22.0,34.0,29.0,0.02,1.0,1.0
126,200,-879.589220739276,92.0,0.6195219123505976,0.0,0.5711201079622131,0.540181,25200,1.2144012659788133,-11.349285433292389,11.0,52.0,20.0,0.0,1.0,1.0
127,200,-927.961178707162,100.0,0.6252354048964218,0.0,0.6724949562878277,0.536381,25400,1.1722190183401109,-11.489263832569122,27.0,33.0,34.0,0.005,1.0,1.0
128,200,-900.780705101716,71.0,0.6436058700209644,0.0,0.7944838455476753,0.532581,25600,1.1719677358865739,-11.563100168704986,23.0,16.0,28.0,0.005,1.0,1.0
129,200,-769.7547519361541,90.0,0.5860566448801743,0.0,0.9759036144578311,0.528781,25800,1.1858416205644609,-11.665391612052918,17.0,33.0,35.0,0.035,1.0,1.0
130,200,-913.1116680193948,101.0,0.6252354048964218,0.0,0.8936487078405605,0.524981,26000,1.157994801402092,-11.67221429347992,22.0,33.0,36.0,0.025,1.0,1.0
131,200,-961.8474802612419,80.0,0.6577946768060836,0.0,0.7381776239907726,0.521181,26200,1.188389085829258,-11.308013813495636,9.0,22.0,31.0,0.01,1.0,1.0
132,200,-891.3167612043418,80.0,0.6324435318275154,0.0,0.6477732793522266,0.517381,26400,1.218300401866436,-11.634169244766236,8.0,33.0,29.0,0.035,1.0,1.0
133,200,-914.5458938304474,70.0,0.6550308008213552,0.0,0.7716535433070865,0.5135810000000001,26600,1.183243611752987,-11.763236286640167,16.0,24.0,29.0,0.03,1.0,1.0
134,200,-852.5025891258431,95.0,0.608433734939759,0.0,0.7486520116134383,0.509781,26800,1.178539964258671,-11.733045785427093,13.0,33.0,37.0,0.045,1.0,0.9722222222222222
135,200,-1005.3582881177797,37.0,0.7205882352941176,0.0,0.7148825065274148,0.505981,27000,1.165484159886837,-11.68758891582489,13.0,13.0,23.0,0.075,1.0,1.0
136,200,-946.6375334565913,51.0,0.6809421841541756,0.0,0.5877966101694914,0.502181,27200,1.2189789488911629,-11.287212257385255,21.0,10.0,23.0,0.02,1.0,1.0
137,200,-1034.098073305465,40.0,0.717741935483871,0.0,0.6225680933852138,0.49838099999999996,27400,1.2166060984134675,-11.505965566635131,6.0,10.0,17.0,0.02,1.0,1.0
138,200,-961.507061057484,74.0,0.6634429400386848,0.0,0.4308418568056648,0.49458099999999994,27600,1.1667509734630586,-11.605785229206084,13.0,44.0,19.0,0.02,1.0,1.0
139,200,-745.2861054626524,119.0,0.5477178423236515,0.0,0.8533293160590539,0.490781,27800,1.2235766649246216,-11.745840196609498,17.0,45.0,41.0,0.02,1.0,1.0
140,200,-1026.944086889595,56.0,0.7001934235976789,0.0,0.5217970049916805,0.4869810000000001,28000,1.1738881188631058,-11.648400268554688,13.0,16.0,22.0,0.005,1.0,1.0
141,200,-843.2979022097426,86.0,0.6098081023454158,0.0,0.6003246753246753,0.4831810000000001,28200,1.2333771297335625,-11.996082262992859,38.0,25.0,33.0,0.01,1.0,1.0
142,200,-936.4348196386218,52.0,0.6746203904555315,0.0,0.31999999999999995,0.47938100000000006,28400,1.2667485973238946,-12.040083582401275,12.0,25.0,18.0,0.02,1.0,1.0
143,200,-888.4106976769103,83.0,0.6310483870967742,0.0,0.7120413436692505,0.47558100000000003,28600,1.2404549613595008,-12.39463532447815,14.0,30.0,27.0,0.01,1.0,1.0
144,200,-837.6813886790897,109.0,0.5925925925925926,0.0,0.768747978000647,0.4717810000000001,28800,1.2369694408774377,-12.356715044975282,31.0,20.0,46.0,0.005,1.0,1.0
145,200,-925.0939457034495,54.0,0.6709677419354839,0.0,0.449306625577812,0.4679810000000001,29000,1.2471257203817367,-12.372666573524475,19.0,41.0,12.0,0.045,1.0,1.0
146,200,-764.4149476569852,99.0,0.572961373390558,0.0,0.5374828626268165,0.46418100000000007,29200,1.2285809236764909,-12.06891360282898,23.0,26.0,37.0,0.0,1.0,1.0
147,200,-1000.965337039301,34.0,0.7124463519313304,0.0,0.5376744186046509,0.46038100000000004,29400,1.2532835754752158,-12.111888320446015,7.0,9.0,16.0,0.02,1.0,1.0
148,200,-873.8133190716842,98.0,0.610236220472441,0.0,0.8194539249146756,0.456581,29600,1.241218912601471,-12.329397444725037,15.0,34.0,38.0,0.04,1.0,1.0
149,200,-851.7930894177554,94.0,0.6104417670682731,0.0,0.9301052631578945,0.4527810000000001,29800,1.2430389630794525,-12.23674642086029,8.0,32.0,36.0,0.025,1.0,1.0
150,200,-884.4819334200603,93.0,0.621031746031746,0.0,0.7301815111861544,0.4489810000000001,30000,1.2390215149521828,-12.588477013111115,21.0,32.0,31.0,0.0,1.0,1.0
151,200,-867.0295128304275,114.0,0.5935114503816794,0.0,0.7987707437000614,0.44518100000000005,30200,1.274180399775505,-12.534224777221679,19.0,43.0,40.0,0.025,1.0,1.0
152,200,-969.8351922103353,60.0,0.6728016359918201,0.0,0.4568527918781725,0.441381,30400,1.2885707941651345,-12.524132027626038,12.0,31.0,15.0,0.005,1.0,1.0
153,200,-1009.6197408114094,40.0,0.7101449275362319,0.0,0.3603603603603603,0.437581,30600,1.2596640053391457,-12.767454400062562,11.0,6.0,19.0,0.01,1.0,0.9444444444444444
154,200,-1010.6811871791613,50.0,0.7023809523809523,0.0,0.45620437956204374,0.4337810000000001,30800,1.2815214967727662,-12.780697350502015,9.0,25.0,15.0,0.035,1.0,1.0
155,200,-1076.0420215309491,36.0,0.7314629258517034,0.0,0.2661190965092402,0.42998100000000006,31000,1.2854007109999657,-13.037925128936768,9.0,14.0,11.0,0.01,1.0,1.0
156,200,-862.8703500556857,111.0,0.6033834586466166,0.0,0.7775954559798043,0.42618100000000003,31200,1.2983472499251365,-12.22867312669754,17.0,42.0,39.0,0.02,0.975609756097561,1.0
157,200,-1008.6487617627868,56.0,0.6953125,0.0,0.6672340425531914,0.422381,31400,1.266952733397484,-12.468042378425599,14.0,28.0,15.0,0.0,1.0,1.0
158,200,-935.5505739615198,71.0,0.6606060606060606,0.0,0.7785328185328184,0.418581,31600,1.2953264504671096,-12.453392491340637,12.0,20.0,27.0,0.01,1.0,1.0
159,200,-680.7497125301394,128.0,0.5138592750533049,0.0,0.8,0.41478100000000007,31800,1.2814032474160195,-12.420724725723266,30.0,34.0,49.0,0.02,1.0,1.0
160,200,-658.8722852655743,133.0,0.4934782608695652,0.0,0.75192348565356,0.41098100000000004,32000,1.2614577442407608,-12.54426281452179,29.0,45.0,47.0,0.025,1.0,1.0
161,200,-772.4293340785924,111.0,0.5744234800838575,0.0,0.5927832571566033,0.407181,32200,1.2527610811591148,-12.091781306266785,26.0,29.0,43.0,0.005,1.0,1.0
162,200,-878.8141183866313,110.0,0.6061776061776062,0.0,0.8812818645302256,0.403381,32400,1.2522843605279923,-12.144426689147949,24.0,31.0,40.0,0.01,1.0,1.0
163,200,-877.5055384397259,68.0,0.6446808510638298,0.0,0.8316546762589927,0.39958099999999996,32600,1.2682849377393723,-12.370318553447724,13.0,28.0,22.0,0.015,1.0,1.0
164,200,-897.4305809818532,91.0,0.6297029702970297,0.0,0.568945379594641,0.39578100000000005,32800,1.259033931493759,-12.340206048488618,8.0,40.0,28.0,0.015,1.0,1.0
165,200,-813.1400051081724,126.0,0.5733333333333334,0.0,0.8108273748723187,0.391981,33000,1.2373662585020064,-12.178163132667542,22.0,52.0,38.0,0.025,1.0,1.0
166,200,-881.103177195275,91.0,0.610204081632653,0.0,0.5619952494061757,0.388181,33200,1.2361936137080192,-12.193549840450286,11.0,41.0,29.0,0.02,1.0,1.0
167,200,-861.3118766945485,106.0,0.599601593625498,0.0,0.8703330751355537,0.384381,33400,1.2301633295416832,-12.325891780853272,17.0,35.0,38.0,0.02,1.0,1.0
168,200,-793.2410025660308,129.0,0.5592233009708738,0.0,0.7433995979450525,0.38058099999999995,33600,1.2394389262795449,-12.364306087493896,7.0,61.0,36.0,0.025,1.0,1.0
169,200,-1003.5624905734115,52.0,0.696969696969697,0.0,0.4925318761384334,0.37678100000000003,33800,1.265797129869461,-12.50858624458313,17.0,10.0,21.0,0.0,1.0,1.0
170,200,-912.8694188703025,91.0,0.6361904761904762,0.0,0.7056668086919471,0.372981,34000,1.2412487238645553,-12.570978875160217,15.0,26.0,35.0,0.005,1.0,1.0
171,200,-891.8765186357496,89.0,0.6242544731610338,0.0,0.4633518572682071,0.369181,34200,1.2728891924023629,-12.457039914131165,35.0,26.0,33.0,0.01,1.0,1.0
172,200,-855.7371721140457,96.0,0.6048387096774194,0.0,0.6399999999999999,0.36538100000000007,34400,1.25516999989748,-12.536032280921937,23.0,34.0,37.0,0.035,0.967741935483871,1.0
173,200,-865.2242993537789,78.0,0.6244725738396625,0.0,0.723424494649227,0.36158100000000004,34600,1.2711902990937234,-12.530955181121826,23.0,25.0,27.0,0.01,1.0,1.0
174,200,-910.3606853806266,64.0,0.6576200417536534,0.0,0.7742911153119091,0.3577810000000001,34800,1.279649291038513,-12.550673203468323,18.0,24.0,23.0,0.025,1.0,1.0
175,200,-753.839274985113,106.0,0.5541125541125541,0.0,0.905398871877518,0.3539810000000001,35000,1.2617133358120918,-12.666053709983826,29.0,33.0,45.0,0.08,1.0,1.0
176,200,-806.5481540786828,94.0,0.5915789473684211,0.0,0.9677984665936471,0.3501810000000001,35200,1.3170094320178032,-12.616237826347351,10.0,38.0,33.0,0.04,1.0,1.0
177,200,-833.678701887717,108.0,0.5864811133200796,0.0,0.41128349788434415,0.34638100000000005,35400,1.3150185257196427,-12.657738518714904,30.0,39.0,35.0,0.0,1.0,1.0
178,200,-760.0192383970814,107.0,0.5644820295983086,0.0,0.3999650655021834,0.342581,35600,1.30643529266119,-12.930973415374757,24.0,37.0,36.0,0.005,1.0,1.0
179,200,-922.7763152062037,82.0,0.6403162055335968,0.0,0.3491173416407061,0.3387810000000001,35800,1.3091141465306282,-12.7783433675766,23.0,35.0,26.0,0.01,1.0,1.0
180,200,-953.7249767677084,84.0,0.6468330134357005,0.0,0.48494845360824734,0.3349810000000001,36000,1.2964926168322564,-12.997230784893036,10.0,38.0,24.0,0.005,1.0,1.0
181,200,-970.4512288986713,78.0,0.6660341555977229,0.0,0.6969072164948452,0.33118100000000006,36200,1.3307219889760018,-12.798511633872986,16.0,27.0,27.0,0.01,1.0,1.0
182,200,-796.8467113694478,107.0,0.5752577319587628,0.0,0.7876848985208117,0.32738100000000003,36400,1.3161677047610283,-13.135145468711853,36.0,31.0,39.0,0.01,1.0,1.0
183,200,-881.7800475817983,75.0,0.6323529411764706,0.0,0.3581661891117478,0.323581,36600,1.3321377375721932,-13.054810423851013,30.0,31.0,24.0,0.02,1.0,1.0
184,200,-738.5282738538108,148.0,0.5328185328185329,0.0,0.6178843441466855,0.3197810000000001,36800,1.3267122319340705,-13.13187712430954,36.0,30.0,60.0,0.005,1.0,1.0
185,200,-750.0862310091724,107.0,0.5572354211663066,0.0,0.8180778849589138,0.31598100000000007,37000,1.3515627247095108,-13.324151554107665,14.0,43.0,34.0,0.015,1.0,1.0
186,200,-899.6067498772095,94.0,0.6254901960784314,0.0,0.9118679050567594,0.31218100000000004,37200,1.3217269131541252,-12.557085592746734,23.0,38.0,35.0,0.065,1.0,1.0
187,200,-918.5053963900872,90.0,0.630859375,0.0,0.5995558845299778,0.308381,37400,1.325719167292118,-12.804873838424683,19.0,29.0,32.0,0.01,1.0,1.0
188,200,-844.4586816628356,112.0,0.5882352941176471,0.0,0.5470562581770606,0.304581,37600,1.3221207553148269,-12.939217877388,29.0,31.0,43.0,0.02,1.0,1.0
189,200,-937.3997257371207,82.0,0.6486486486486487,0.0,0.5506961506961506,0.3007810000000001,37800,1.3201013126969336,-12.743290662765503,18.0,43.0,22.0,0.02,1.0,1.0
190,200,-797.6236551695474,125.0,0.5736738703339882,0.0,0.8559298822240482,0.29698100000000005,38000,1.349245235621929,-12.98462728023529,19.0,63.0,32.0,0.015,1.0,1.0
191,200,-842.9207189212206,127.0,0.5822550831792976,0.0,0.7869724323005611,0.293181,38200,1.3452465063333512,-13.36640823841095,29.0,45.0,43.0,0.005,1.0,1.0
192,200,-815.6118184578125,119.0,0.5750487329434698,0.0,0.8971175166297116,0.289381,38400,1.3554983985424043,-13.871990156173705,19.0,43.0,43.0,0.035,1.0,1.0
193,200,-944.2791611361063,76.0,0.6587301587301587,0.0,0.755032679738562,0.285581,38600,1.3527007132768631,-13.956398849487305,17.0,35.0,22.0,0.035,1.0,1.0
194,200,-959.3250032526664,67.0,0.6720647773279352,0.0,0.46882506527415135,0.28178100000000006,38800,1.347294737994671,-13.623133721351623,27.0,24.0,22.0,0.01,1.0,1.0
195,200,-986.3267241298212,63.0,0.6845238095238095,0.0,0.8312041884816752,0.27798100000000003,39000,1.3471934700012207,-13.736189579963684,19.0,16.0,25.0,0.01,1.0,1.0
196,200,-918.6939511873027,80.0,0.6456692913385826,0.0,0.5855443732845379,0.274181,39200,1.3819907048344613,-13.411133317947387,16.0,28.0,27.0,0.0,1.0,1.0
197,200,-928.6091133639206,81.0,0.6484375,0.0,0.7928700906344409,0.270381,39400,1.3471118208765984,-13.33556081533432,21.0,19.0,37.0,0.045,1.0,1.0
198,200,-983.0762587249702,57.0,0.6848484848484848,0.0,0.5923427529626253,0.26658099999999996,39600,1.372025993168354,-13.40139633178711,10.0,13.0,23.0,0.0,1.0,1.0
199,200,-771.2459855269266,120.0,0.5625,0.0,0.821917808219178,0.26278100000000004,39800,1.3471668183803558,-13.365271348953247,14.0,75.0,23.0,0.0,1.0,1.0
200,200,-941.6428896340783,65.0,0.6673469387755102,0.0,0.7524487978628672,0.258981,40000,1.3570600110292435,-13.379774057865143,29.0,24.0,25.0,0.02,1.0,1.0
201,200,-785.9196339419574,122.0,0.5643564356435643,0.0,0.84042913608131,0.255181,40200,1.385692818760872,-13.33163743019104,18.0,46.0,38.0,0.0,1.0,1.0
202,200,-885.247721867057,78.0,0.636734693877551,0.0,0.8255088195386702,0.25138099999999997,40400,1.4066145670413972,-13.764050087928773,21.0,30.0,34.0,0.05,1.0,1.0
203,200,-880.6549862471237,89.0,0.6336633663366337,0.0,0.9162521688837476,0.24758100000000005,40600,1.393801383972168,-13.713090343475342,8.0,53.0,24.0,0.055,0.9782608695652174,1.0
204,200,-929.1978128295307,72.0,0.6546184738955824,0.0,0.44574376612209793,0.24378100000000014,40800,1.373152876496315,-13.816738538742065,11.0,40.0,21.0,0.025,1.0,1.0
205,200,-750.5157395706678,117.0,0.5614754098360656,0.0,0.7326197484613326,0.2399810000000001,41000,1.3900161862373352,-13.699622709751129,19.0,53.0,34.0,0.005,1.0,1.0
206,200,-803.3300825765532,107.0,0.5801217038539553,0.0,0.7202893991821326,0.23618100000000009,41200,1.3654861128330231,-13.491586351394654,21.0,32.0,42.0,0.02,1.0,1.0
207,200,-955.7246354616993,77.0,0.6589595375722543,0.0,0.7765553372626063,0.23238100000000006,41400,1.3613192322850227,-13.545895686149597,24.0,12.0,33.0,0.0,1.0,1.0
208,200,-923.7039148335488,82.0,0.6396039603960396,0.0,0.34552929085303186,0.22858100000000003,41600,1.3687809279561043,-13.530658869743347,36.0,21.0,32.0,0.005,1.0,1.0
209,200,-965.0373623514463,79.0,0.659047619047619,0.0,0.8371562709590877,0.22478100000000012,41800,1.3896922746300697,-13.455875287055969,9.0,38.0,26.0,0.035,0.9696969696969697,1.0
210,200,-894.3991321082256,113.0,0.6108007448789572,0.0,0.6064592733317502,0.2209810000000001,42000,1.3166436943411828,-13.586789221763611,34.0,20.0,55.0,0.035,1.0,1.0
211,200,-766.5075307441805,105.0,0.5574837310195228,0.0,0.7827476038338658,0.21718100000000007,42200,1.3525264608860015,-13.000391278266907,32.0,19.0,46.0,0.015,1.0,1.0
212,200,-775.2486484049014,101.0,0.576271186440678,0.0,0.622201890820372,0.21338100000000004,42400,1.3891721495985985,-13.453185224533081,26.0,33.0,36.0,0.01,1.0,1.0
213,200,-678.5939159660815,146.0,0.5020325203252033,0.0,0.8754004106776181,0.20958100000000002,42600,1.3641776409745217,-13.455872459411621,24.0,69.0,41.0,0.03,1.0,1.0
214,200,-934.3473484291862,100.0,0.6268656716417911,0.0,0.6724949562878277,0.2057810000000001,42800,1.3683569061756133,-13.494157009124756,37.0,15.0,53.0,0.06,1.0,1.0
215,200,-793.9438620929567,91.0,0.6008403361344538,0.0,0.6205320344698388,0.20198100000000008,43000,1.3569525742530824,-13.486858563423157,11.0,42.0,28.0,0.015,1.0,1.0
216,200,-874.5830811352988,100.0,0.6120857699805068,0.0,0.3658982802780827,0.19818100000000005,43200,1.4099897772073746,-13.567117290496826,10.0,52.0,31.0,0.03,1.0,1.0
217,200,-742.9125576836614,142.0,0.5339805825242718,0.0,0.725845932325414,0.19438100000000003,43400,1.385939921438694,-13.97718104839325,37.0,50.0,51.0,0.035,1.0,1.0
218,200,-1003.9470893596371,60.0,0.6942307692307692,0.0,0.5741626794258372,0.190581,43600,1.3740583324432374,-14.049643301963807,44.0,17.0,23.0,0.1,1.0,1.0
219,200,-755.7900840407932,143.0,0.5353728489483748,0.0,0.8990547373049022,0.18678100000000009,43800,1.3894057175517083,-13.832087750434875,44.0,35.0,56.0,0.02,1.0,1.0
220,200,-781.7083013426764,130.0,0.5570866141732284,0.0,0.7915690866510539,0.18298100000000006,44000,1.3878241133689881,-14.004512996673585,17.0,60.0,42.0,0.055,1.0,1.0
221,200,-950.363205011243,61.0,0.6687370600414079,0.0,0.6580017683465959,0.17918100000000003,44200,1.39882932305336,-13.771132254600525,14.0,25.0,22.0,0.025,1.0,1.0
222,200,-768.423529545281,112.0,0.5613305613305614,0.0,0.8124352331606217,0.175381,44400,1.3970422855019569,-13.854460167884827,16.0,41.0,38.0,0.015,1.0,1.0
223,200,-933.5405848177915,72.0,0.656686626746507,0.0,0.6314250913520096,0.17158099999999998,44600,1.398287955224514,-13.974453401565551,38.0,23.0,27.0,0.015,1.0,1.0
224,200,-777.974006950232,126.0,0.5616438356164384,0.0,0.9257142857142857,0.16778100000000007,44800,1.401343648135662,-14.076499948501587,40.0,42.0,43.0,0.01,1.0,1.0
225,200,-868.0088793409573,96.0,0.6126482213438735,0.0,0.6976532929598788,0.16398100000000004,45000,1.3796109336614608,-14.034218487739563,28.0,40.0,31.0,0.03,1.0,1.0
226,200,-1028.1321028869752,71.0,0.6829268292682927,0.0,0.6121432908318153,0.16018100000000002,45200,1.4189609324932098,-13.930972504615784,30.0,34.0,26.0,0.055,1.0,1.0
227,200,-1007.9002479766374,63.0,0.6901140684410646,0.0,0.47221891731112425,0.156381,45400,1.4427566647529602,-14.045158448219299,22.0,19.0,26.0,0.01,1.0,1.0
228,200,-969.9638727063174,56.0,0.6836734693877551,0.0,0.7705159705159703,0.15258099999999997,45600,1.4573638182878494,-14.143662178516388,18.0,23.0,20.0,0.02,1.0,1.0
229,200,-915.0206754524773,74.0,0.6456211812627292,0.0,0.41674277016742767,0.14878100000000005,45800,1.4295856231451034,-14.415662326812743,18.0,39.0,22.0,0.025,1.0,1.0
230,200,-830.8707315039941,88.0,0.605543710021322,0.0,0.8143007360672975,0.14498100000000003,46000,1.4604139745235443,-14.51017773628235,34.0,33.0,35.0,0.07,1.0,1.0
231,200,-719.0210600956881,150.0,0.5173745173745173,0.0,0.7916959887403238,0.141181,46200,1.4281291610002518,-14.200367212295532,49.0,53.0,51.0,0.02,1.0,1.0
232,200,-954.5610394770176,70.0,0.6640316205533597,0.0,0.588235294117647,0.13738099999999998,46400,1.4405541342496873,-14.66535294532776,20.0,18.0,33.0,0.035,1.0,1.0
233,200,-785.418655701726,106.0,0.577962577962578,0.0,0.8974440894568689,0.13358099999999995,46600,1.4454874086380005,-14.587989997863769,15.0,62.0,29.0,0.055,0.9818181818181818,1.0
234,200,-854.0119328410899,104.0,0.6042884990253411,0.0,0.8469851213782301,0.12978100000000015,46800,1.413595452606678,-14.479366345405579,10.0,59.0,26.0,0.0,1.0,1.0
235,200,-931.898927706142,84.0,0.6461538461538462,0.0,0.8009080590238364,0.12598100000000012,47000,1.4364772367477416,-14.651804361343384,17.0,55.0,21.0,0.055,0.96,1.0
236,200,-1104.2662611048215,29.0,0.7460629921259843,0.0,0.38845265588914535,0.1221810000000001,47200,1.4506814455986023,-14.327291102409363,14.0,2.0,15.0,0.01,1.0,1.0
237,200,-847.5899708155547,90.0,0.6146044624746451,0.0,0.33623910336239105,0.11838100000000007,47400,1.4543786060810089,-14.494276666641236,10.0,74.0,11.0,0.02,1.0,1.0
238,200,-817.3048861025591,105.0,0.5916334661354582,0.0,0.6975640620056943,0.11458100000000004,47600,1.4275293123722077,-14.41573888540268,12.0,56.0,26.0,0.01,1.0,1.0
239,200,-890.4907660464647,97.0,0.6138613861386139,0.0,0.6708734402852049,0.11078100000000013,47800,1.4391331797838212,-14.669723720550538,29.0,30.0,41.0,0.065,1.0,1.0
240,200,-797.273165679675,96.0,0.5899581589958159,0.0,0.6836795252225518,0.1069810000000001,48000,1.4595656391978264,-14.607272133827209,29.0,25.0,42.0,0.045,1.0,1.0
241,200,-845.3574432561641,92.0,0.6081632653061224,0.0,0.7353605560382275,0.10318100000000008,48200,1.4604437798261642,-14.509009208679199,43.0,33.0,32.0,0.025,1.0,1.0
242,200,-694.7253575431846,142.0,0.5151515151515151,0.0,0.7855083755356447,0.09938100000000005,48400,1.4607417756319045,-14.64393989086151,30.0,57.0,48.0,0.035,1.0,1.0
243,200,-852.8652713213087,99.0,0.6122047244094488,0.0,0.7919999999999999,0.09558100000000003,48600,1.4516528862714768,-14.507388367652894,34.0,52.0,28.0,0.03,1.0,1.0
244,200,-799.9981769638492,115.0,0.5742574257425742,0.0,0.9342988343341574,0.09178100000000011,48800,1.4647128427028655,-14.370674953460693,29.0,60.0,31.0,0.02,0.9827586206896551,1.0
245,200,-909.3274558537508,105.0,0.6179775280898876,0.0,0.7289256198347106,0.08798100000000009,49000,1.456093068420887,-14.553093528747558,22.0,61.0,26.0,0.06,1.0,1.0
246,200,-870.9092607956726,111.0,0.6149425287356322,0.0,0.8055573716900947,0.08418100000000006,49200,1.4567463988065719,-14.352385954856873,34.0,14.0,51.0,0.005,1.0,1.0
247,200,-885.1216197385172,94.0,0.6150793650793651,0.0,0.4062528735632184,0.08038100000000004,49400,1.4788620162010193,-14.603323431015015,21.0,36.0,29.0,0.0,1.0,1.0
248,200,-806.5105126590413,129.0,0.5671077504725898,0.0,0.9372571106730498,0.07658100000000001,49600,1.4478537344932556,-14.734797406196595,41.0,70.0,32.0,0.025,1.0,1.0
249,200,-872.0530907410449,101.0,0.6184971098265896,0.0,0.759851024208566,0.0727810000000001,49800,1.4391633236408234,-14.71941864490509,52.0,30.0,45.0,0.07,1.0,1.0
250,200,-896.2340623736941,73.0,0.6549586776859504,0.0,0.6251026392961876,0.06898100000000007,50000,1.420581648349762,-14.521907234191895,28.0,12.0,34.0,0.005,1.0,1.0
251,200,-858.0330153231547,107.0,0.5988372093023255,0.0,0.8378338821807536,0.06518100000000004,50200,1.4223312044143677,-14.801930284500122,33.0,31.0,41.0,0.04,1.0,1.0
252,200,-893.2765104382629,76.0,0.6435845213849287,0.0,0.9707563025210083,0.06138100000000002,50400,1.4284950560331344,-15.298710932731629,27.0,33.0,24.0,0.005,1.0,1.0
253,200,-793.0859308705745,104.0,0.5857142857142857,0.0,0.5618701298701299,0.05758099999999999,50600,1.4431953430175781,-15.092546072006225,15.0,48.0,37.0,0.025,1.0,1.0
254,200,-834.5642196382635,120.0,0.5864661654135338,0.0,0.6554392353208921,0.05378100000000008,50800,1.4004863068461417,-15.099350132942199,24.0,52.0,42.0,0.055,1.0,1.0
255,200,-913.9693315575095,60.0,0.6624472573839663,0.0,0.5815831987075928,0.050000000000000044,51000,1.4438920366764068,-15.245997948646545,17.0,26.0,24.0,0.025,1.0,1.0
256,200,-965.1655209877412,82.0,0.6553030303030303,0.0,0.49260073260073256,0.050000000000000044,51200,1.4783011257648468,-15.20118260383606,15.0,56.0,17.0,0.025,1.0,1.0
257,200,-969.3534960032273,62.0,0.6740442655935613,0.0,0.5437057991513436,0.050000000000000044,51400,1.4710417544841767,-15.36511453151703,25.0,28.0,21.0,0.025,1.0,1.0
258,200,-695.0799214292791,120.0,0.538961038961039,0.0,0.6231068801384682,0.050000000000000044,51600,1.443307716846466,-15.490715355873109,20.0,55.0,42.0,0.025,1.0,1.0
259,200,-730.0663667141746,134.0,0.5369261477045908,0.0,0.5340868530636526,0.050000000000000044,51800,1.4487383967638017,-15.054277443885804,17.0,72.0,34.0,0.01,1.0,1.0
260,200,-950.4501636694381,68.0,0.671875,0.0,0.7567921440261864,0.050000000000000044,52000,1.464615470468998,-15.36039080619812,15.0,20.0,29.0,0.045,1.0,1.0
261,200,-913.3675368702452,70.0,0.6550308008213552,0.0,0.510948905109489,0.050000000000000044,52200,1.4828386986255646,-15.89992847919464,17.0,43.0,20.0,0.055,1.0,1.0
262,200,-806.4734364418731,110.0,0.5791583166332666,0.0,0.5199828104856038,0.050000000000000044,52400,1.4511834627389908,-16.00543343067169,43.0,43.0,36.0,0.01,1.0,0.9710144927536232
263,200,-724.9242525537674,127.0,0.5319587628865979,0.0,0.9089320935474782,0.050000000000000044,52600,1.501095833182335,-16.18148850440979,42.0,18.0,58.0,0.03,1.0,1.0
264,200,-753.0087647441482,124.0,0.5511022044088176,0.0,0.7088981097279853,0.050000000000000044,52800,1.4719991397857666,-16.06143124580383,32.0,62.0,32.0,0.01,1.0,1.0
265,200,-783.8884176991618,113.0,0.5855670103092784,0.0,0.31431384615384617,0.050000000000000044,53000,1.4796620035171508,-16.046716585159302,33.0,48.0,38.0,0.02,1.0,1.0
266,200,-908.6275228014221,95.0,0.6264367816091954,0.0,0.6192109777015437,0.050000000000000044,53200,1.492083055973053,-16.270389642715454,22.0,45.0,33.0,0.07,1.0,1.0
267,200,-773.0376156611342,117.0,0.5616161616161616,0.0,0.5097374790541799,0.050000000000000044,53400,1.487609771490097,-16.546606640815735,18.0,54.0,37.0,0.035,1.0,1.0
268,200,-797.9813675036858,116.0,0.5705765407554672,0.0,0.5197373503283121,0.050000000000000044,53600,1.4550046771764755,-16.411424918174745,8.0,81.0,20.0,0.02,1.0,1.0
269,200,-648.918450396254,137.0,0.4946236559139785,0.0,0.9510514314669369,0.050000000000000044,53800,1.464185112118721,-16.677457642555236,33.0,46.0,52.0,0.04,1.0,1.0
270,200,-691.3957966407662,133.0,0.5296523517382413,0.0,0.8179884393063583,0.050000000000000044,54000,1.489294759631157,-16.363650064468384,28.0,70.0,34.0,0.0,1.0,1.0
271,200,-1153.2127055330384,19.0,0.7699805068226121,0.0,0.3820105820105816,0.050000000000000044,54200,1.4868227130174636,-16.779387178421022,3.0,14.0,3.0,0.005,1.0,1.0
272,200,-771.4921548178145,125.0,0.5562130177514792,0.0,0.7428096030425482,0.050000000000000044,54400,1.478909745812416,-17.041311821937562,32.0,39.0,46.0,0.02,1.0,1.0
273,200,-634.9657739373404,159.0,0.4989648033126294,0.0,0.6242992962094086,0.050000000000000044,54600,1.4750393444299699,-17.06106515407562,43.0,50.0,56.0,0.02,1.0,1.0
274,200,-889.791183693832,64.0,0.6442516268980477,0.0,0.4659840728100113,0.050000000000000044,54800,1.4894280835986138,-17.219287309646607,16.0,24.0,21.0,0.0,1.0,1.0
275,200,-901.1292639835884,86.0,0.6331360946745562,0.0,0.6951127819548871,0.050000000000000044,55000,1.503706657886505,-17.229788260459898,36.0,19.0,36.0,0.03,1.0,1.0
276,200,-746.1809032231389,140.0,0.5393474088291746,0.0,0.9486931268151017,0.050000000000000044,55200,1.5077457362413407,-16.576991658210755,29.0,49.0,46.0,0.005,1.0,1.0
277,200,-935.867500426367,81.0,0.6565464895635673,0.0,0.9571115973741793,0.050000000000000044,55400,1.514962037205696,-16.707385635375978,14.0,33.0,34.0,0.05,1.0,1.0
278,200,-770.8938800791273,109.0,0.5690721649484536,0.0,0.46310660689923994,0.050000000000000044,55600,1.4964617800712585,-16.766313099861144,20.0,40.0,38.0,0.025,1.0,1.0
279,200,-648.3338276490614,159.0,0.49206349206349204,0.0,0.8130246020260492,0.050000000000000044,55800,1.4940429121255874,-17.009764895439147,40.0,49.0,57.0,0.01,1.0,1.0
280,200,-868.2426666877309,92.0,0.6198019801980198,0.0,0.6535907335907335,0.050000000000000044,56000,1.4877372041344643,-16.822746877670287,29.0,35.0,35.0,0.05,1.0,1.0
281,200,-845.2997303305273,106.0,0.6007751937984496,0.0,0.711589613679544,0.050000000000000044,56200,1.5099524253606795,-16.17111698627472,41.0,25.0,48.0,0.04,1.0,1.0
282,200,-1034.389656067182,44.0,0.7170923379174853,0.0,0.548441926345609,0.050000000000000044,56400,1.4895807152986527,-16.292413482666017,22.0,15.0,18.0,0.04,1.0,1.0
283,200,-995.6612063584352,66.0,0.6900584795321637,0.0,0.6881516587677724,0.050000000000000044,56600,1.5176859432458878,-16.604648814201354,23.0,21.0,23.0,0.005,1.0,1.0
284,200,-814.0425536585813,107.0,0.5851703406813628,0.0,0.8122738559772968,0.050000000000000044,56800,1.507354092001915,-16.437826852798462,28.0,30.0,45.0,0.045,1.0,1.0
285,200,-878.0271106078181,91.0,0.6139630390143738,0.0,0.4904352976014214,0.050000000000000044,57000,1.5065052276849746,-16.726645035743715,28.0,36.0,36.0,0.115,1.0,1.0
286,200,-710.1883198955508,129.0,0.5359342915811088,0.0,0.9577553956834532,0.050000000000000044,57200,1.5452925497293473,-16.5352641248703,33.0,47.0,44.0,0.025,1.0,1.0
287,200,-879.537517951781,95.0,0.6153846153846154,0.0,0.5862292952257225,0.050000000000000044,57400,1.5571481895446777,-16.54195209980011,29.0,38.0,34.0,0.05,1.0,1.0
288,200,-1038.7698387647858,63.0,0.6978967495219885,0.0,0.6437956204379561,0.050000000000000044,57600,1.502638859152794,-16.72364131450653,14.0,38.0,14.0,0.015,1.0,1.0
289,200,-898.9289287784618,79.0,0.6376518218623481,0.0,0.831578947368421,0.050000000000000044,57800,1.5502376472949981,-16.47774055480957,8.0,43.0,20.0,0.015,1.0,1.0
290,200,-706.1027524586791,120.0,0.5278969957081545,0.0,0.7960199004975125,0.050000000000000044,58000,1.5258339947462083,-16.70665556907654,33.0,29.0,57.0,0.055,1.0,1.0
291,200,-839.8877130098314,120.0,0.5801526717557252,0.0,0.8328513591671486,0.050000000000000044,58200,1.5783598637580871,-17.057830238342284,27.0,53.0,38.0,0.03,1.0,1.0
292,200,-753.7371058839135,100.0,0.5717344753747323,0.0,0.31928480204342274,0.050000000000000044,58400,1.5796432065963746,-17.283437299728394,41.0,15.0,45.0,0.01,1.0,1.0
293,200,-776.031882830574,126.0,0.560546875,0.0,0.7436065573770492,0.050000000000000044,58600,1.542627730369568,-17.40865417957306,30.0,53.0,40.0,0.02,1.0,1.0
294,200,-755.3898771542,110.0,0.5560253699788583,0.0,0.6840022611644997,0.050000000000000044,58800,1.5279245895147324,-17.335049743652345,36.0,50.0,31.0,0.015,0.98,1.0
295,200,-868.302591464418,117.0,0.603415559772296,0.0,0.4797266514806378,0.050000000000000044,59000,1.555534896850586,-17.501995315551756,39.0,36.0,49.0,0.06,1.0,1.0
296,200,-958.1208508758729,71.0,0.6586826347305389,0.0,0.403764517420905,0.050000000000000044,59200,1.558387279510498,-17.15849244594574,11.0,43.0,18.0,0.015,1.0,1.0
297,200,-815.2752312102932,104.0,0.5890688259109311,0.0,0.9512752858399295,0.050000000000000044,59400,1.5400698363780976,-16.88043040275574,31.0,27.0,40.0,0.005,1.0,1.0
298,200,-715.2397093823238,106.0,0.5541125541125541,0.0,0.8988799999999999,0.050000000000000044,59600,1.5691568303108214,-17.038557376861572,36.0,36.0,36.0,0.01,1.0,1.0
299,200,-718.5156720325749,134.0,0.5291750503018109,0.0,0.629372590255871,0.050000000000000044,59800,1.5892973482608794,-17.1799037361145,25.0,38.0,57.0,0.035,1.0,1.0
300,200,-768.0074261327427,138.0,0.5470249520153551,0.0,0.9584297936587821,0.050000000000000044,60000,1.562836891412735,-17.23532548427582,26.0,72.0,38.0,0.02,0.9855072463768116,1.0
