total_reward,total_throughput,avg_throughput_per_frame,packet_delivery_ratio,packet_drop_rate,avg_queue_length,avg_delay_proxy,energy_efficiency,uav_energy_consumption,iot_energy_consumption,total_energy_consumption,jamming_failure_rate,collision_count,fairness_index,duplicate_target_count,invalid_action_count,invalid_action_rate,out_of_coverage_action_count,out_of_coverage_action_rate,no_queue_selected_count,insufficient_energy_count,busy_mode_invalid_count,jammed_transmission_count,jammed_transmission_rate,successful_backscatter_packets,successful_active_packets,attempted_backscatter_packets,attempted_active_packets,backscatter_success_rate,active_success_rate,harvested_energy_total,mode_usage_idle,mode_usage_harvest,mode_usage_backscatter,mode_usage_active,mode_usage_relay,mode_usage_avoid_jammer,greedy_fallback_count,per_uav_served_packets_uav_0,per_iot_delivered_packets_iot_0,per_iot_delivered_packets_iot_1,per_iot_delivered_packets_iot_2,per_iot_delivered_packets_iot_3,per_iot_delivered_packets_iot_4,episode_id,policy_name,scenario_name,per_uav_served_packets_uav_1,per_iot_delivered_packets_iot_5,per_iot_delivered_packets_iot_6,per_iot_delivered_packets_iot_7,per_iot_delivered_packets_iot_8,per_iot_delivered_packets_iot_9,per_iot_delivered_packets_iot_10,per_iot_delivered_packets_iot_11,per_iot_delivered_packets_iot_12,per_iot_delivered_packets_iot_13,per_iot_delivered_packets_iot_14
-2525.2279098791178,23.0,0.115,0.019279128248113998,0.8968985750209556,19.16400000000001,166.64347826086964,0.7072713524577323,27.519343417595177,5.0,32.51934341759518,0.0,0.0,0.39924528301886764,0.0,3.0,0.015,3.0,0.015,0.0,0.0,0.0,0.0,0.0,13.0,10.0,13.0,10.0,1.0,1.0,12.0,82.0,12.0,14.0,7.0,85.0,0.0,0.0,23.0,0.0,0.0,11.0,0.0,12.0,0,random,scenario_0_no_jammer_calibrated,,,,,,,,,,,
-2457.98149650291,49.0,0.245,0.04066390041493776,0.8763485477178423,19.083999999999993,77.89387755102038,1.0863509351880738,27.105129855222067,18.0,45.10512985522207,0.0,0.0,0.6889526542324245,0.0,0.0,0.0,0.0,0.0,0.0,0.0,0.0,0.0,0.0,13.0,36.0,13.0,36.0,1.0,1.0,14.0,79.0,14.0,13.0,18.0,76.0,0.0,0.0,49.0,14.0,4.0,14.0,0.0,17.0,1,random,scenario_0_no_jammer_calibrated,,,,,,,,,,,
-2435.0184401358047,25.0,0.125,0.021739130434782608,0.8913043478260869,19.223000000000003,153.78400000000002,0.6892873607376048,27.26934341759518,9.0,36.26934341759518,0.0,0.0,0.3709198813056378,0.0,1.0,0.005,1.0,0.005,0.0,0.0,0.0,0.0,0.0,7.0,18.0,7.0,18.0,1.0,1.0,13.0,83.0,14.0,7.0,9.0,87.0,0.0,0.0,25.0,16.0,0.0,9.0,0.0,0.0,2,random,scenario_0_no_jammer_calibrated,,,,,,,,,,,
-2262.2027277662614,137.0,0.685,0.11084142394822007,0.808252427184466,18.488000000000024,26.989781021897844,9.448275862068975,6.499999999999985,8.0,14.499999999999986,0.0,0.0,0.20592462559657687,0.0,0.0,0.0,0.0,0.0,0.0,0.0,0.0,0.0,0.0,121.0,16.0,121.0,16.0,1.0,1.0,1.0,70.0,1.0,121.0,8.0,0.0,0.0,0.0,137.0,0.0,0.0,135.0,0.0,2.0,0,greedy_nearest,scenario_0_no_jammer_calibrated,,,,,,,,,,,
-2270.2795,126.0,0.63,0.10310965630114566,0.8150572831423896,18.619000000000025,29.553968253968293,9.032258064516137,5.949999999999987,8.0,13.949999999999987,0.0,0.0,0.2,0.0,0.0,0.0,0.0,0.0,0.0,0.0,0.0,0.0,0.0,110.0,16.0,110.0,16.0,1.0,1.0,1.0,81.0,1.0,110.0,8.0,0.0,0.0,0.0,126.0,0.0,126.0,0.0,0.0,0.0,1,greedy_nearest,scenario_0_no_jammer_calibrated,,,,,,,,,,,
-2117.0091010892784,124.0,0.62,0.10877192982456141,0.8043859649122806,18.79700000000002,30.3177419354839,10.333333333333346,5.999999999999987,6.0,11.999999999999986,0.0,0.0,0.20655561526061259,0.0,0.0,0.0,0.0,0.0,0.0,0.0,0.0,0.0,0.0,112.0,12.0,113.0,12.0,0.9911504424778761,1.0,1.0,80.0,1.0,113.0,6.0,0.0,0.0,0.0,124.0,122.0,0.0,0.0,2.0,0.0,2,greedy_nearest,scenario_0_no_jammer_calibrated,,,,,,,,,,,
-2099.1772665731964,180.0,0.9,0.14705882352941177,0.7720588235294118,18.49900000000003,20.554444444444478,4.404832108790176,8.864213562373092,32.0,40.864213562373095,0.0,0.0,0.6177311725452812,0.0,0.0,0.0,0.0,0.0,0.0,0.0,0.0,0.0,0.0,116.0,64.0,116.0,64.0,1.0,1.0,1.0,51.0,1.0,116.0,32.0,0.0,0.0,0.0,180.0,83.0,12.0,54.0,10.0,21.0,0,greedy_sinr,scenario_0_no_jammer_calibrated,,,,,,,,,,,
-2141.8478070174933,167.0,0.835,0.1362153344208809,0.7822185970636215,18.322000000000024,21.94251497005991,4.284097669193053,7.981370849898458,31.0,38.98137084989846,0.0,0.0,0.37282267228126464,0.0,0.0,0.0,0.0,0.0,0.0,0.0,0.0,0.0,0.0,105.0,62.0,105.0,62.0,1.0,1.0,1.0,63.0,1.0,105.0,31.0,0.0,0.0,0.0,167.0,12.0,120.0,14.0,10.0,11.0,1,greedy_sinr,scenario_0_no_jammer_calibrated,,,,,,,,,,,
-1993.9164182663658,166.0,0.83,0.144473455178416,0.7684943429068756,18.67700000000002,22.502409638554244,4.46563172008908,8.172792206135771,29.0,37.17279220613577,0.0,0.0,0.3794546956761223,0.0,0.0,0.0,0.0,0.0,0.0,0.0,0.0,0.0,0.0,108.0,58.0,108.0,58.0,1.0,1.0,1.0,62.0,1.0,108.0,29.0,0.0,0.0,0.0,166.0,118.0,14.0,8.0,12.0,14.0,2,greedy_sinr,scenario_0_no_jammer_calibrated,,,,,,,,,,,
-2030.5600000000002,188.0,0.94,0.15679733110925773,0.762301918265221,17.954999999999995,19.10106382978723,1.8076923076923077,10.000000000000007,94.0,104.0,0.0,0.0,0.2,0.0,0.0,0.0,0.0,0.0,0.0,0.0,0.0,0.0,0.0,0.0,188.0,0.0,188.0,0.0,1.0,95.95544119203859,0.0,106.0,0.0,94.0,0.0,0.0,0.0,188.0,0.0,0.0,188.0,0.0,0.0,0,htt_only,scenario_0_no_jammer_calibrated,,,,,,,,,,,
-2186.394506087535,168.0,0.84,0.13526570048309178,0.785024154589372,18.651999999999983,22.204761904761884,1.7872340425531914,10.000000000000007,84.0,94.0,0.0,0.0,0.20481857764876632,0.0,0.0,0.0,0.0,0.0,0.0,0.0,0.0,0.0,0.0,0.0,168.0,0.0,168.0,0.0,1.0,86.64314966995587,0.0,116.0,0.0,84.0,0.0,0.0,0.0,168.0,0.0,166.0,0.0,0.0,2.0,1,htt_only,scenario_0_no_jammer_calibrated,,,,,,,,,,,
-2111.2472675847994,142.0,0.71,0.12220309810671257,0.7943201376936316,18.809999999999995,26.49295774647887,1.7530864197530864,10.000000000000007,71.0,81.0,0.0,0.0,0.20571311977147522,0.0,0.0,0.0,0.0,0.0,0.0,0.0,0.0,0.0,0.0,0.0,142.0,0.0,142.0,0.0,1.0,75.50973796130451,0.0,129.0,0.0,71.0,0.0,0.0,0.0,142.0,140.0,0.0,0.0,2.0,0.0,2,htt_only,scenario_0_no_jammer_calibrated,,,,,,,,,,,
-2290.198499999999,116.0,0.58,0.09563066776586975,0.8227535037098104,18.915000000000024,32.61206896551729,19.829059829059872,5.849999999999987,0.0,5.849999999999987,0.0,0.0,0.2,0.0,0.0,0.0,0.0,0.0,0.0,0.0,0.0,0.0,0.0,116.0,0.0,116.0,0.0,1.0,0.0,1.0,83.0,1.0,116.0,0.0,0.0,0.0,0.0,116.0,0.0,0.0,116.0,0.0,0.0,0,backscatter_only,scenario_0_no_jammer_calibrated,,,,,,,,,,,
-2312.0099999999993,99.0,0.495,0.08263772954924875,0.8347245409015025,18.972000000000026,38.32727272727278,19.80000000000004,4.99999999999999,0.0,4.99999999999999,0.0,0.0,0.2,0.0,0.0,0.0,0.0,0.0,0.0,0.0,0.0,0.0,0.0,99.0,0.0,99.0,0.0,1.0,0.0,1.0,100.0,1.0,99.0,0.0,0.0,0.0,0.0,99.0,0.0,99.0,0.0,0.0,0.0,1,backscatter_only,scenario_0_no_jammer_calibrated,,,,,,,,,,,
-2144.76,118.0,0.59,0.10314685314685315,0.8103146853146853,18.85100000000002,31.950847457627155,19.66666666666671,5.999999999999987,0.0,5.999999999999987,0.0,0.0,0.2,0.0,0.0,0.0,0.0,0.0,0.0,0.0,0.0,0.0,0.0,118.0,0.0,119.0,0.0,0.9915966386554622,0.0,1.0,80.0,1.0,119.0,0.0,0.0,0.0,0.0,118.0,118.0,0.0,0.0,0.0,0.0,2,backscatter_only,scenario_0_no_jammer_calibrated,,,,,,,,,,,
-4597.400252397858,61.0,0.305,0.02554438860971524,0.8907035175879398,19.069000000000017,62.521311475409895,0.8092925542472589,54.37447327281722,21.0,75.37447327281723,0.0,0.0,0.5323319027181688,0.0,4.0,0.01,4.0,0.01,0.0,0.0,0.0,0.0,0.0,19.0,42.0,19.0,42.0,1.0,1.0,27.0,165.0,28.0,22.0,21.0,164.0,0.0,0.0,18.0,0.0,0.0,11.0,2.0,17.0,0,random,scenario_1_multi_uav_calibrated,43.0,13.0,6.0,0.0,8.0,4.0,,,,,
-4714.9320331123545,63.0,0.315,0.025714285714285714,0.893061224489796,19.10500000000001,60.65079365079369,0.8354953182642333,56.40437226013952,19.0,75.40437226013952,0.0,0.0,0.6022761760242791,1.0,2.0,0.005,2.0,0.005,0.0,0.0,0.0,0.0,0.0,25.0,38.0,25.0,38.0,1.0,1.0,23.0,148.0,24.0,26.0,19.0,183.0,0.0,0.0,37.0,10.0,15.0,6.0,0.0,12.0,1,random,scenario_1_multi_uav_calibrated,26.0,0.0,3.0,0.0,8.0,9.0,,,,,
-4678.370041506938,65.0,0.325,0.026726973684210526,0.8910361842105263,19.122500000000016,58.83846153846159,0.8993676577930181,54.273001410241065,18.0,72.27300141024106,0.0,0.0,0.49531066822977715,0.0,5.0,0.0125,5.0,0.0125,0.0,0.0,0.0,0.0,0.0,29.0,36.0,29.0,36.0,1.0,1.0,19.0,163.0,22.0,29.0,20.0,166.0,0.0,0.0,28.0,5.0,0.0,0.0,8.0,9.0,2,random,scenario_1_multi_uav_calibrated,37.0,9.0,23.0,3.0,0.0,8.0,,,,,
-4031.0610594789177,254.0,1.27,0.10596579057154777,0.8105965790571548,18.478500000000007,14.550000000000006,9.324036241664144,12.241421356237284,15.0,27.241421356237282,0.0,0.0,0.22322330634558163,0.0,0.0,0.0,0.0,0.0,0.0,0.0,0.0,0.0,0.0,226.0,28.0,227.0,28.0,0.9955947136563876,1.0,0.0,158.0,0.0,227.0,15.0,0.0,0.0,0.0,127.0,0.0,0.0,121.0,0.0,6.0,0,greedy_nearest,scenario_1_multi_uav_calibrated,127.0,119.0,0.0,0.0,8.0,0.0,,,,,
-4085.8919156923002,267.0,1.335,0.10929185427752763,0.8096602537863283,18.33600000000003,13.734831460674181,8.215384615384622,12.499999999999972,20.0,32.49999999999997,0.0,0.0,0.22184222810020227,0.0,0.0,0.0,0.0,0.0,0.0,0.0,0.0,0.0,0.0,228.0,39.0,228.0,39.0,1.0,1.0,2.0,150.0,2.0,228.0,20.0,0.0,0.0,0.0,137.0,11.0,127.0,0.0,0.0,0.0,1,greedy_nearest,scenario_1_multi_uav_calibrated,130.0,0.0,3.0,0.0,126.0,0.0,,,,,
-4056.438739275308,248.0,1.24,0.10333333333333333,0.8145833333333333,18.194000000000017,14.672580645161304,8.378378378378386,11.599999999999975,18.0,29.599999999999973,0.0,0.0,0.21971991997713633,0.0,0.0,0.0,0.0,0.0,0.0,0.0,0.0,0.0,0.0,212.0,36.0,212.0,36.0,1.0,1.0,2.0,168.0,2.0,212.0,18.0,0.0,0.0,0.0,126.0,12.0,0.0,0.0,118.0,0.0,2,greedy_nearest,scenario_1_multi_uav_calibrated,122.0,0.0,118.0,0.0,0.0,0.0,,,,,
-3797.7376138089044,332.0,1.66,0.13821815154038303,0.779766860949209,18.331500000000016,11.043072289156637,4.412305345228554,17.24411254969542,58.0,75.24411254969542,0.0,0.0,0.46390572390572393,2.0,1.0,0.0025,0.0,0.0,0.0,1.0,0.0,0.0,0.0,218.0,114.0,219.0,114.0,0.9954337899543378,1.0,0.0,122.0,0.0,219.0,59.0,0.0,0.0,0.0,172.0,14.0,12.0,19.0,10.0,31.0,0,greedy_sinr,scenario_1_multi_uav_calibrated,160.0,24.0,87.0,10.0,117.0,8.0,,,,,
-3814.918138194415,346.0,1.73,0.14209445585215605,0.7757700205338809,18.26650000000001,10.558670520231221,4.264842944236761,17.12842712474618,64.0,81.12842712474618,0.0,0.0,0.6076954314720813,1.0,0.0,0.0,0.0,0.0,0.0,0.0,0.0,0.0,0.0,219.0,127.0,220.0,127.0,0.9954545454545455,1.0,2.0,114.0,2.0,220.0,64.0,0.0,0.0,0.0,173.0,15.0,55.0,15.0,10.0,78.0,1,greedy_sinr,scenario_1_multi_uav_calibrated,173.0,8.0,84.0,14.0,49.0,18.0,,,,,
-3814.2174489107465,309.0,1.545,0.12999579301640724,0.7862852334875894,18.39750000000001,11.90776699029127,4.3054291814740875,15.769848480983477,56.0,71.76984848098348,0.0,0.0,0.5525840615776376,1.0,1.0,0.0025,0.0,0.0,0.0,1.0,0.0,0.0,0.0,197.0,112.0,198.0,112.0,0.9949494949494949,1.0,2.0,143.0,2.0,198.0,57.0,0.0,0.0,0.0,159.0,84.0,14.0,8.0,41.0,14.0,2,greedy_sinr,scenario_1_multi_uav_calibrated,150.0,8.0,39.0,14.0,8.0,79.0,,,,,
-3687.994016853845,371.0,1.855,0.15549036043587594,0.7678122380553227,18.252,9.839353099730458,1.8018455560951918,19.900000000000013,186.0,205.9,0.0,0.0,0.2133538976640367,0.0,0.0,0.0,0.0,0.0,0.0,0.0,0.0,0.0,0.0,0.0,371.0,0.0,371.0,0.0,1.0,186.04648630489947,2.0,212.0,0.0,186.0,0.0,0.0,0.0,185.0,0.0,0.0,180.0,0.0,6.0,0,htt_only,scenario_1_multi_uav_calibrated,186.0,179.0,0.0,0.0,6.0,0.0,,,,,
-3810.7039527712336,352.0,1.76,0.14479638009049775,0.7745783628136569,18.2705,10.380965909090909,1.7959183673469388,20.000000000000014,176.0,196.0,0.0,0.0,0.20454305335446382,0.0,0.0,0.0,0.0,0.0,0.0,0.0,0.0,0.0,0.0,0.0,352.0,0.0,352.0,0.0,1.0,186.6516226928594,0.0,224.0,0.0,176.0,0.0,0.0,0.0,176.0,0.0,172.0,0.0,0.0,0.0,1,htt_only,scenario_1_multi_uav_calibrated,176.0,0.0,4.0,0.0,176.0,0.0,,,,,
-3730.4400000000014,372.0,1.86,0.1542928245541269,0.7673164661965989,18.535999999999994,9.965591397849458,1.8058252427184467,20.000000000000014,186.0,206.0,0.0,0.0,0.2,0.0,0.0,0.0,0.0,0.0,0.0,0.0,0.0,0.0,0.0,0.0,372.0,0.0,372.0,0.0,1.0,199.4384120346261,0.0,214.0,0.0,186.0,0.0,0.0,0.0,186.0,0.0,0.0,0.0,186.0,0.0,2,htt_only,scenario_1_multi_uav_calibrated,186.0,0.0,186.0,0.0,0.0,0.0,,,,,
-4161.99,220.0,1.1,0.0914380714879468,0.8258520365752285,18.826000000000015,17.114545454545468,20.000000000000043,10.999999999999977,0.0,10.999999999999977,0.0,0.0,0.2,0.0,0.0,0.0,0.0,0.0,0.0,0.0,0.0,0.0,0.0,220.0,0.0,220.0,0.0,1.0,0.0,0.0,180.0,0.0,220.0,0.0,0.0,0.0,0.0,110.0,0.0,0.0,110.0,0.0,0.0,0,backscatter_only,scenario_1_multi_uav_calibrated,110.0,110.0,0.0,0.0,0.0,0.0,,,,,
-4211.420055492769,224.0,1.12,0.0919917864476386,0.826694045174538,18.897500000000033,16.872767857142886,19.823008849557564,11.299999999999976,0.0,11.299999999999976,0.0,0.0,0.2035702693930542,0.0,0.0,0.0,0.0,0.0,0.0,0.0,0.0,0.0,0.0,224.0,0.0,224.0,0.0,1.0,0.0,2.0,174.0,2.0,224.0,0.0,0.0,0.0,0.0,112.0,0.0,110.0,0.0,0.0,0.0,1,backscatter_only,scenario_1_multi_uav_calibrated,112.0,0.0,2.0,0.0,112.0,0.0,,,,,
-4152.4429999999975,204.0,1.02,0.08582246529238537,0.8304585612116113,18.825000000000024,18.4558823529412,19.805825242718488,10.29999999999998,0.0,10.29999999999998,0.0,0.0,0.2,0.0,0.0,0.0,0.0,0.0,0.0,0.0,0.0,0.0,0.0,204.0,0.0,204.0,0.0,1.0,0.0,2.0,194.0,2.0,204.0,0.0,0.0,0.0,0.0,102.0,0.0,0.0,0.0,102.0,0.0,2,backscatter_only,scenario_1_multi_uav_calibrated,102.0,0.0,102.0,0.0,0.0,0.0,,,,,
-4719.634278296059,19.0,0.095,0.007959782153330541,0.9082530372852954,19.100000000000005,201.05263157894743,0.3041242127329298,50.47447327281722,12.0,62.47447327281722,0.5,0.0,0.5553846153846145,0.0,4.0,0.01,4.0,0.01,0.0,0.0,0.0,12.0,0.5,5.0,14.0,12.0,24.0,0.4166666666666667,0.5833333333333334,17.0,129.0,19.0,13.0,13.0,112.0,114.0,0.0,11.0,0.0,0.0,2.0,0.0,4.0,0,random,scenario_2a_static_jammer_weak,8.0,2.0,4.0,0.0,4.0,3.0,,,,,
-4835.311381211466,26.0,0.13,0.01059926620464737,0.9082755809213209,19.18900000000001,147.6076923076924,0.3834560977903888,52.80437226013955,15.0,67.80437226013956,0.3103448275862069,0.0,0.49705882352941144,0.0,1.0,0.0025,1.0,0.0025,0.0,0.0,0.0,9.0,0.3103448275862069,10.0,16.0,14.0,30.0,0.7142857142857143,0.5333333333333333,17.0,113.0,17.0,15.0,15.0,132.0,108.0,0.0,23.0,5.0,4.0,1.0,0.0,7.0,1,random,scenario_2a_static_jammer_weak,3.0,0.0,0.0,0.0,6.0,3.0,,,,,
-4739.387447286951,31.0,0.155,0.0128470783257356,0.904268545379196,19.156000000000013,123.58709677419364,0.4797053575894002,50.62300141024106,14.0,64.62300141024106,0.19230769230769232,0.0,0.5686390532544375,0.0,4.0,0.01,4.0,0.01,0.0,0.0,0.0,5.0,0.19230769230769232,9.0,22.0,12.0,28.0,0.75,0.7857142857142857,17.0,115.0,17.0,13.0,17.0,116.0,122.0,0.0,17.0,7.0,0.0,0.0,6.0,1.0,2,random,scenario_2a_static_jammer_weak,14.0,4.0,7.0,3.0,0.0,3.0,,,,,
-4648.570395682353,89.0,0.445,0.037067888379841735,0.8796334860474803,18.817500000000024,42.28651685393264,3.6252545824847284,11.549999999999976,13.0,24.549999999999976,0.45021645021645024,0.0,0.14021950787750045,0.0,0.0,0.0,0.0,0.0,0.0,0.0,0.0,104.0,0.45021645021645024,73.0,16.0,218.0,26.0,0.3348623853211009,0.6153846153846154,0.0,169.0,0.0,218.0,13.0,0.0,0.0,0.0,13.0,0.0,0.0,74.0,0.0,2.0,0,greedy_nearest,scenario_2a_static_jammer_weak,76.0,13.0,0.0,0.0,0.0,0.0,,,,,
-4999.796718467109,44.0,0.22,0.017959183673469388,0.9008163265306123,19.085000000000008,86.75000000000004,1.5438596491228085,12.499999999999972,16.0,28.49999999999997,0.8709677419354839,0.0,0.1816135084427767,0.0,0.0,0.0,0.0,0.0,0.0,0.0,0.0,216.0,0.8709677419354839,16.0,28.0,232.0,32.0,0.06896551724137931,0.875,2.0,150.0,2.0,232.0,16.0,0.0,0.0,0.0,15.0,0.0,29.0,0.0,0.0,0.0,1,greedy_nearest,scenario_2a_static_jammer_weak,29.0,0.0,0.0,0.0,15.0,0.0,,,,,
-4683.062108955773,76.0,0.38,0.03171953255425709,0.8852253756260434,18.947500000000012,49.861842105263186,2.968750000000003,11.599999999999975,14.0,25.599999999999973,0.44782608695652176,0.0,0.12008316008316008,0.0,0.0,0.0,0.0,0.0,0.0,0.0,0.0,103.0,0.44782608695652176,60.0,16.0,216.0,28.0,0.2777777777777778,0.5714285714285714,2.0,168.0,2.0,216.0,14.0,0.0,0.0,0.0,69.0,0.0,0.0,0.0,7.0,0.0,2,greedy_nearest,scenario_2a_static_jammer_weak,7.0,0.0,69.0,0.0,0.0,0.0,,,,,
-5383.719932980764,49.0,0.245,0.02065767284991568,0.8950252951096122,18.82,76.81632653061224,0.6462207400877898,17.82548339959391,58.0,75.8254833995939,0.8308270676691729,113.0,0.4555977229601517,0.0,0.0,0.0,0.0,0.0,0.0,0.0,0.0,221.0,0.8308270676691729,11.0,38.0,208.0,116.0,0.052884615384615384,0.3275862068965517,0.0,134.0,0.0,208.0,58.0,0.0,0.0,0.0,16.0,2.0,2.0,18.0,0.0,10.0,0,greedy_sinr,scenario_2a_static_jammer_weak,33.0,7.0,1.0,0.0,6.0,3.0,,,,,
-4863.2338355365455,77.0,0.385,0.03162217659137577,0.8862422997946612,19.045000000000005,49.46753246753248,0.949112447127834,17.12842712474618,64.0,81.12842712474618,0.778169014084507,0.0,0.5454461821527138,1.0,0.0,0.0,0.0,0.0,0.0,0.0,0.0,221.0,0.778169014084507,15.0,62.0,220.0,128.0,0.06818181818181818,0.484375,2.0,114.0,2.0,220.0,64.0,0.0,0.0,0.0,38.0,4.0,25.0,8.0,10.0,4.0,1,greedy_sinr,scenario_2a_static_jammer_weak,39.0,0.0,4.0,0.0,13.0,9.0,,,,,
-4825.366938218374,47.0,0.235,0.019764507989907486,0.8961312026913373,18.963000000000008,80.69361702127664,0.6548711052727576,15.769848480983478,56.0,71.76984848098348,0.7913385826771654,0.0,0.30553250345781463,1.0,1.0,0.0025,0.0,0.0,0.0,1.0,0.0,201.0,0.7913385826771654,19.0,28.0,198.0,112.0,0.09595959595959595,0.25,2.0,143.0,2.0,198.0,57.0,0.0,0.0,0.0,41.0,11.0,2.0,2.0,3.0,2.0,2,greedy_sinr,scenario_2a_static_jammer_weak,6.0,0.0,24.0,2.0,0.0,1.0,,,,,
-3968.106378590015,275.0,1.375,0.11525565800502934,0.8046940486169321,18.620500000000003,13.54218181818182,1.3355998057309373,19.900000000000013,186.0,205.9,0.0,0.0,0.2082587503098064,0.0,0.0,0.0,0.0,0.0,0.0,0.0,0.0,0.0,0.0,0.0,275.0,0.0,371.0,0.0,0.7412398921832885,187.04648630489947,2.0,212.0,0.0,186.0,0.0,0.0,0.0,129.0,0.0,0.0,142.0,0.0,4.0,0,htt_only,scenario_2a_static_jammer_weak,146.0,127.0,0.0,0.0,2.0,0.0,,,,,
-4140.038517855829,246.0,1.23,0.10119292472233649,0.8181818181818182,18.826999999999995,15.306504065040647,1.2551020408163265,20.000000000000014,176.0,196.0,0.0,0.0,0.2030465709300765,0.0,0.0,0.0,0.0,0.0,0.0,0.0,0.0,0.0,0.0,0.0,246.0,0.0,352.0,0.0,0.6988636363636364,186.6516226928594,0.0,224.0,0.0,176.0,0.0,0.0,0.0,126.0,0.0,118.0,0.0,0.0,0.0,1,htt_only,scenario_2a_static_jammer_weak,120.0,0.0,2.0,0.0,126.0,0.0,,,,,
-4111.052495379767,242.0,1.21,0.10037328909166321,0.8175031107424305,18.949000000000016,15.66033057851241,1.174757281553398,20.000000000000014,186.0,206.0,0.0,0.0,0.19302570863546473,0.0,0.0,0.0,0.0,0.0,0.0,0.0,0.0,0.0,0.0,0.0,242.0,0.0,372.0,0.0,0.6505376344086021,199.4384120346261,0.0,214.0,0.0,186.0,0.0,0.0,0.0,144.0,0.0,0.0,0.0,98.0,0.0,2,htt_only,scenario_2a_static_jammer_weak,98.0,0.0,144.0,0.0,0.0,0.0,,,,,
-4740.816755157547,64.0,0.32,0.02660016625103907,0.8906899418121363,19.002000000000024,59.38125000000007,5.818181818181831,10.999999999999977,0.0,10.999999999999977,0.4772727272727273,0.0,0.11682829435253851,0.0,0.0,0.0,0.0,0.0,0.0,0.0,0.0,105.0,0.4772727272727273,64.0,0.0,220.0,0.0,0.2909090909090909,0.0,0.0,180.0,0.0,220.0,0.0,0.0,0.0,0.0,5.0,0.0,0.0,59.0,0.0,0.0,0,backscatter_only,scenario_2a_static_jammer_weak,59.0,5.0,0.0,0.0,0.0,0.0,,,,,
-5039.927838535297,17.0,0.085,0.006981519507186858,0.9108829568788501,19.183000000000007,225.68235294117653,1.5044247787610652,11.299999999999976,0.0,11.299999999999976,0.9241071428571429,0.0,0.15621621621621615,0.0,0.0,0.0,0.0,0.0,0.0,0.0,0.0,207.0,0.9241071428571429,17.0,0.0,224.0,0.0,0.07589285714285714,0.0,2.0,174.0,2.0,224.0,0.0,0.0,0.0,0.0,4.0,0.0,13.0,0.0,0.0,0.0,1,backscatter_only,scenario_2a_static_jammer_weak,13.0,0.0,0.0,0.0,4.0,0.0,,,,,
-4704.308683790578,55.0,0.275,0.023138409760201935,0.8927219183845183,19.090000000000014,69.41818181818186,5.339805825242729,10.29999999999998,0.0,10.29999999999998,0.4803921568627451,0.0,0.11559037065341994,0.0,0.0,0.0,0.0,0.0,0.0,0.0,0.0,98.0,0.4803921568627451,55.0,0.0,204.0,0.0,0.2696078431372549,0.0,2.0,194.0,2.0,204.0,0.0,0.0,0.0,0.0,51.0,0.0,0.0,0.0,4.0,0.0,2,backscatter_only,scenario_2a_static_jammer_weak,4.0,0.0,51.0,0.0,0.0,0.0,,,,,
-4746.818034454362,12.0,0.06,0.005027230833682447,0.9111855886049435,19.105500000000003,318.42500000000007,0.19207845014711356,50.47447327281722,12.0,62.47447327281722,0.6666666666666666,0.0,0.4235294117647046,0.0,4.0,0.01,4.0,0.01,0.0,0.0,0.0,16.0,0.6666666666666666,4.0,8.0,12.0,24.0,0.3333333333333333,0.3333333333333333,17.0,129.0,19.0,13.0,13.0,112.0,114.0,0.0,11.0,0.0,0.0,2.0,0.0,1.0,0,random,scenario_2b_static_jammer_medium,1.0,2.0,0.0,0.0,4.0,3.0,,,,,
-4837.311381211466,26.0,0.13,0.01059926620464737,0.9082755809213209,19.18900000000001,147.6076923076924,0.3834560977903888,52.80437226013955,15.0,67.80437226013956,0.3793103448275862,0.0,0.49705882352941144,0.0,1.0,0.0025,1.0,0.0025,0.0,0.0,0.0,11.0,0.3793103448275862,10.0,16.0,14.0,30.0,0.7142857142857143,0.5333333333333333,17.0,113.0,17.0,15.0,15.0,132.0,108.0,0.0,23.0,5.0,4.0,1.0,0.0,7.0,1,random,scenario_2b_static_jammer_medium,3.0,0.0,0.0,0.0,6.0,3.0,,,,,
-4762.73672746508,25.0,0.125,0.010360547036883548,0.9067550766680481,19.164500000000015,153.31600000000012,0.38685915934629045,50.62300141024106,14.0,64.62300141024106,0.34615384615384615,0.0,0.5341880341880337,0.0,4.0,0.01,4.0,0.01,0.0,0.0,0.0,9.0,0.34615384615384615,9.0,16.0,12.0,28.0,0.75,0.5714285714285714,17.0,115.0,17.0,13.0,17.0,116.0,122.0,0.0,15.0,5.0,0.0,0.0,4.0,1.0,2,random,scenario_2b_static_jammer_medium,10.0,4.0,7.0,3.0,0.0,1.0,,,,,
-5035.5309999999945,4.0,0.02,0.0016666666666666668,0.915,19.030500000000004,951.5250000000002,0.16597510373444002,12.099999999999975,12.0,24.099999999999973,0.9834710743801653,0.0,0.09999999999999938,0.0,0.0,0.0,0.0,0.0,0.0,0.0,0.0,238.0,0.9834710743801653,4.0,0.0,230.0,24.0,0.017391304347826087,0.0,0.0,158.0,0.0,230.0,12.0,0.0,0.0,0.0,0.0,0.0,0.0,4.0,0.0,0.0,0,greedy_nearest,scenario_2b_static_jammer_medium,4.0,0.0,0.0,0.0,0.0,0.0,,,,,
-5133.474999999997,3.0,0.015,0.0012244897959183673,0.9171428571428571,19.238500000000002,1282.5666666666668,0.10526315789473695,12.499999999999972,16.0,28.49999999999997,0.9879032258064516,0.0,0.17999999999999639,0.0,0.0,0.0,0.0,0.0,0.0,0.0,0.0,245.0,0.9879032258064516,3.0,0.0,232.0,32.0,0.01293103448275862,0.0,2.0,150.0,2.0,232.0,16.0,0.0,0.0,0.0,1.0,0.0,2.0,0.0,0.0,0.0,1,greedy_nearest,scenario_2b_static_jammer_medium,2.0,0.0,0.0,0.0,1.0,0.0,,,,,
-5007.975999999994,8.0,0.04,0.00333889816360601,0.9131886477462438,19.151,478.775,0.31250000000000033,11.599999999999975,14.0,25.599999999999973,0.9695652173913043,0.0,0.09999999999999984,0.0,0.0,0.0,0.0,0.0,0.0,0.0,0.0,223.0,0.9695652173913043,6.0,2.0,216.0,28.0,0.027777777777777776,0.07142857142857142,2.0,168.0,2.0,216.0,14.0,0.0,0.0,0.0,8.0,0.0,0.0,0.0,0.0,0.0,2,greedy_nearest,scenario_2b_static_jammer_medium,0.0,0.0,8.0,0.0,0.0,0.0,,,,,
-5565.538254833993,1.0,0.005,0.00042158516020236085,0.9152613827993255,19.052,3810.3999999999996,0.013188178369138569,17.82548339959391,58.0,75.8254833995939,0.9962406015037594,113.0,0.09999999999999,0.0,0.0,0.0,0.0,0.0,0.0,0.0,0.0,265.0,0.9962406015037594,1.0,0.0,208.0,116.0,0.004807692307692308,0.0,0.0,134.0,0.0,208.0,58.0,0.0,0.0,0.0,0.0,1.0,0.0,0.0,0.0,0.0,0,greedy_sinr,scenario_2b_static_jammer_medium,1.0,0.0,0.0,0.0,0.0,0.0,,,,,
-5084.959628889716,21.0,0.105,0.00862422997946612,0.9092402464065709,19.224500000000003,183.0904761904762,0.258848849216682,17.12842712474618,64.0,81.12842712474618,0.9436619718309859,0.0,0.28089171974522276,1.0,0.0,0.0,0.0,0.0,0.0,0.0,0.0,268.0,0.9436619718309859,9.0,12.0,220.0,128.0,0.04090909090909091,0.09375,2.0,114.0,2.0,220.0,64.0,0.0,0.0,0.0,4.0,0.0,7.0,0.0,10.0,2.0,1,greedy_sinr,scenario_2b_static_jammer_medium,17.0,0.0,0.0,0.0,0.0,2.0,,,,,
-4992.268773879999,8.0,0.04,0.00336417157275021,0.9125315391084945,19.164500000000004,479.11250000000007,0.11146742217408641,15.769848480983478,56.0,71.76984848098348,0.9763779527559056,0.0,0.2909090909090896,1.0,1.0,0.0025,0.0,0.0,0.0,1.0,0.0,248.0,0.9763779527559056,4.0,4.0,198.0,112.0,0.020202020202020204,0.03571428571428571,2.0,143.0,2.0,198.0,57.0,0.0,0.0,0.0,8.0,3.0,0.0,2.0,0.0,0.0,2,greedy_sinr,scenario_2b_static_jammer_medium,0.0,0.0,3.0,0.0,0.0,0.0,,,,,
-4900.998450474292,20.0,0.1,0.008382229673093043,0.9082145850796312,19.078500000000005,190.78500000000005,0.09713453132588636,19.900000000000013,186.0,205.9,0.946236559139785,0.0,0.14705882352941171,0.0,0.0,0.0,0.0,0.0,0.0,0.0,0.0,176.0,0.946236559139785,0.0,20.0,0.0,372.0,0.0,0.053763440860215055,191.04648630489947,2.0,212.0,0.0,186.0,0.0,0.0,0.0,4.0,0.0,0.0,16.0,0.0,0.0,0,htt_only,scenario_2b_static_jammer_medium,16.0,4.0,0.0,0.0,0.0,0.0,,,,,
-4988.193365853646,20.0,0.1,0.008227067050596462,0.9103249691484986,19.146000000000004,191.46000000000004,0.10204081632653061,20.000000000000014,176.0,196.0,0.9431818181818182,0.0,0.19230769230769224,0.0,0.0,0.0,0.0,0.0,0.0,0.0,0.0,166.0,0.9431818181818182,0.0,20.0,0.0,352.0,0.0,0.056818181818181816,186.6516226928594,0.0,224.0,0.0,176.0,0.0,0.0,0.0,8.0,0.0,12.0,0.0,0.0,0.0,1,htt_only,scenario_2b_static_jammer_medium,12.0,0.0,0.0,0.0,8.0,0.0,,,,,
-4934.614213868171,24.0,0.12,0.009954375777685608,0.907092492741601,19.24350000000001,160.3625000000001,0.11650485436893204,20.000000000000014,186.0,206.0,0.9354838709677419,0.0,0.13846153846153844,0.0,0.0,0.0,0.0,0.0,0.0,0.0,0.0,174.0,0.9354838709677419,0.0,24.0,0.0,372.0,0.0,0.06451612903225806,199.4384120346261,0.0,214.0,0.0,186.0,0.0,0.0,0.0,20.0,0.0,0.0,0.0,4.0,0.0,2,htt_only,scenario_2b_static_jammer_medium,4.0,0.0,20.0,0.0,0.0,0.0,,,,,
-5027.569999999995,5.0,0.025,0.0020781379883624274,0.9147963424771405,19.054000000000002,762.1600000000001,0.4545454545454555,10.999999999999977,0.0,10.999999999999977,0.9772727272727273,0.0,0.0999999999999996,0.0,0.0,0.0,0.0,0.0,0.0,0.0,0.0,215.0,0.9772727272727273,5.0,0.0,220.0,0.0,0.022727272727272728,0.0,0.0,180.0,0.0,220.0,0.0,0.0,0.0,0.0,0.0,0.0,0.0,5.0,0.0,0.0,0,backscatter_only,scenario_2b_static_jammer_medium,5.0,0.0,0.0,0.0,0.0,0.0,,,,,
-5086.28638461539,5.0,0.025,0.002053388090349076,0.9158110882956879,19.192500000000003,767.7,0.44247787610619566,11.299999999999976,0.0,11.299999999999976,0.9776785714285714,0.0,0.19230769230769085,0.0,0.0,0.0,0.0,0.0,0.0,0.0,0.0,219.0,0.9776785714285714,5.0,0.0,224.0,0.0,0.022321428571428572,0.0,2.0,174.0,2.0,224.0,0.0,0.0,0.0,0.0,2.0,0.0,3.0,0.0,0.0,0.0,1,backscatter_only,scenario_2b_static_jammer_medium,3.0,0.0,0.0,0.0,2.0,0.0,,,,,
-4949.422999999994,4.0,0.02,0.0016827934371055953,0.9141775347076146,19.160000000000004,958.0000000000001,0.38834951456310757,10.29999999999998,0.0,10.29999999999998,0.9803921568627451,0.0,0.09999999999999938,0.0,0.0,0.0,0.0,0.0,0.0,0.0,0.0,200.0,0.9803921568627451,4.0,0.0,204.0,0.0,0.0196078431372549,0.0,2.0,194.0,2.0,204.0,0.0,0.0,0.0,0.0,4.0,0.0,0.0,0.0,0.0,0.0,2,backscatter_only,scenario_2b_static_jammer_medium,0.0,0.0,4.0,0.0,0.0,0.0,,,,,
-4746.818034454362,12.0,0.06,0.005027230833682447,0.9111855886049435,19.105500000000003,318.42500000000007,0.19207845014711356,50.47447327281722,12.0,62.47447327281722,0.6666666666666666,0.0,0.4235294117647046,0.0,4.0,0.01,4.0,0.01,0.0,0.0,0.0,16.0,0.6666666666666666,4.0,8.0,12.0,24.0,0.3333333333333333,0.3333333333333333,17.0,129.0,19.0,13.0,13.0,112.0,114.0,0.0,11.0,0.0,0.0,2.0,0.0,1.0,0,random,scenario_2c_static_jammer_strong,1.0,2.0,0.0,0.0,4.0,3.0,,,,,
-4837.311381211466,26.0,0.13,0.01059926620464737,0.9082755809213209,19.18900000000001,147.6076923076924,0.3834560977903888,52.80437226013955,15.0,67.80437226013956,0.3793103448275862,0.0,0.49705882352941144,0.0,1.0,0.0025,1.0,0.0025,0.0,0.0,0.0,11.0,0.3793103448275862,10.0,16.0,14.0,30.0,0.7142857142857143,0.5333333333333333,17.0,113.0,17.0,15.0,15.0,132.0,108.0,0.0,23.0,5.0,4.0,1.0,0.0,7.0,1,random,scenario_2c_static_jammer_strong,3.0,0.0,0.0,0.0,6.0,3.0,,,,,
-4762.73672746508,25.0,0.125,0.010360547036883548,0.9067550766680481,19.164500000000015,153.31600000000012,0.38685915934629045,50.62300141024106,14.0,64.62300141024106,0.34615384615384615,0.0,0.5341880341880337,0.0,4.0,0.01,4.0,0.01,0.0,0.0,0.0,9.0,0.34615384615384615,9.0,16.0,12.0,28.0,0.75,0.5714285714285714,17.0,115.0,17.0,13.0,17.0,116.0,122.0,0.0,15.0,5.0,0.0,0.0,4.0,1.0,2,random,scenario_2c_static_jammer_strong,10.0,4.0,7.0,3.0,0.0,1.0,,,,,
-5039.540999999995,3.0,0.015,0.00125,0.9154166666666667,19.031000000000002,1268.7333333333336,0.12448132780083002,12.099999999999975,12.0,24.099999999999973,0.987603305785124,0.0,0.0999999999999989,0.0,0.0,0.0,0.0,0.0,0.0,0.0,0.0,239.0,0.987603305785124,3.0,0.0,230.0,24.0,0.013043478260869565,0.0,0.0,158.0,0.0,230.0,12.0,0.0,0.0,0.0,0.0,0.0,0.0,3.0,0.0,0.0,0,greedy_nearest,scenario_2c_static_jammer_strong,3.0,0.0,0.0,0.0,0.0,0.0,,,,,
-5136.485,1.0,0.005,0.00040816326530612246,0.9179591836734694,19.24,3847.9999999999995,0.03508771929824565,12.499999999999972,16.0,28.49999999999997,0.9959677419354839,0.0,0.09999999999999,0.0,0.0,0.0,0.0,0.0,0.0,0.0,0.0,247.0,0.9959677419354839,1.0,0.0,232.0,32.0,0.004310344827586207,0.0,2.0,150.0,2.0,232.0,16.0,0.0,0.0,0.0,0.0,0.0,1.0,0.0,0.0,0.0,1,greedy_nearest,scenario_2c_static_jammer_strong,1.0,0.0,0.0,0.0,0.0,0.0,,,,,
-5019.995999999994,4.0,0.02,0.001669449081803005,0.9148580968280468,19.155,957.75,0.15625000000000017,11.599999999999975,14.0,25.599999999999973,0.9826086956521739,0.0,0.09999999999999938,0.0,0.0,0.0,0.0,0.0,0.0,0.0,0.0,226.0,0.9826086956521739,4.0,0.0,216.0,28.0,0.018518518518518517,0.0,2.0,168.0,2.0,216.0,14.0,0.0,0.0,0.0,4.0,0.0,0.0,0.0,0.0,0.0,2,greedy_nearest,scenario_2c_static_jammer_strong,0.0,0.0,4.0,0.0,0.0,0.0,,,,,
-5556.228254834008,0.0,0.0,0.0,0.9156829679595279,19.0525,3810.4999999999995,0.0,17.82548339959391,58.0,75.8254833995939,1.0,113.0,1.0,0.0,0.0,0.0,0.0,0.0,0.0,0.0,0.0,266.0,1.0,0.0,0.0,208.0,116.0,0.0,0.0,0.0,134.0,0.0,208.0,58.0,0.0,0.0,0.0,0.0,0.0,0.0,0.0,0.0,0.0,0,greedy_sinr,scenario_2c_static_jammer_strong,0.0,0.0,0.0,0.0,0.0,0.0,,,,,
-5088.577825862559,19.0,0.095,0.0078028747433264885,0.9100616016427104,19.2265,202.3842105263158,0.2341965778627123,17.12842712474618,64.0,81.12842712474618,0.9471830985915493,0.0,0.2359477124183005,1.0,0.0,0.0,0.0,0.0,0.0,0.0,0.0,269.0,0.9471830985915493,9.0,10.0,220.0,128.0,0.04090909090909091,0.078125,2.0,114.0,2.0,220.0,64.0,0.0,0.0,0.0,2.0,0.0,7.0,0.0,10.0,2.0,1,greedy_sinr,scenario_2c_static_jammer_strong,17.0,0.0,0.0,0.0,0.0,0.0,,,,,
-4993.617698484818,0.0,0.0,0.0,0.9158957106812448,19.173,3834.5999999999995,0.0,15.769848480983478,56.0,71.76984848098348,1.0,0.0,1.0,1.0,1.0,0.0025,0.0,0.0,0.0,1.0,0.0,254.0,1.0,0.0,0.0,198.0,112.0,0.0,0.0,2.0,143.0,2.0,198.0,57.0,0.0,0.0,0.0,0.0,0.0,0.0,0.0,0.0,0.0,2,greedy_sinr,scenario_2c_static_jammer_strong,0.0,0.0,0.0,0.0,0.0,0.0,,,,,
-4942.588999999992,8.0,0.04,0.003352891869237217,0.9128248113998324,19.0895,477.2375,0.03885381253035454,19.900000000000013,186.0,205.9,0.978494623655914,0.0,0.09999999999999984,0.0,0.0,0.0,0.0,0.0,0.0,0.0,0.0,182.0,0.978494623655914,0.0,8.0,0.0,372.0,0.0,0.021505376344086023,191.04648630489947,2.0,212.0,0.0,186.0,0.0,0.0,0.0,0.0,0.0,0.0,8.0,0.0,0.0,0,htt_only,scenario_2c_static_jammer_strong,8.0,0.0,0.0,0.0,0.0,0.0,,,,,
-5016.546923076923,12.0,0.06,0.0049362402303578775,0.9136157959687371,19.150500000000005,319.17500000000007,0.061224489795918366,20.000000000000014,176.0,196.0,0.9659090909090909,0.0,0.1999999999999997,0.0,0.0,0.0,0.0,0.0,0.0,0.0,0.0,170.0,0.9659090909090909,0.0,12.0,0.0,352.0,0.0,0.03409090909090909,186.6516226928594,0.0,224.0,0.0,176.0,0.0,0.0,0.0,6.0,0.0,6.0,0.0,0.0,0.0,1,htt_only,scenario_2c_static_jammer_strong,6.0,0.0,0.0,0.0,6.0,0.0,,,,,
-4970.8551351351325,14.0,0.07,0.005806719203649938,0.9112401493156367,19.257,275.1,0.06796116504854369,20.000000000000014,186.0,206.0,0.9623655913978495,0.0,0.13243243243243236,0.0,0.0,0.0,0.0,0.0,0.0,0.0,0.0,179.0,0.9623655913978495,0.0,14.0,0.0,372.0,0.0,0.03763440860215054,199.4384120346261,0.0,214.0,0.0,186.0,0.0,0.0,0.0,12.0,0.0,0.0,0.0,2.0,0.0,2,htt_only,scenario_2c_static_jammer_strong,2.0,0.0,12.0,0.0,0.0,0.0,,,,,
-5030.849999999994,2.0,0.01,0.0008312551953449709,0.9160432252701579,19.059,1905.9,0.1818181818181822,10.999999999999977,0.0,10.999999999999977,0.990909090909091,0.0,0.0999999999999975,0.0,0.0,0.0,0.0,0.0,0.0,0.0,0.0,218.0,0.990909090909091,2.0,0.0,220.0,0.0,0.00909090909090909,0.0,0.0,180.0,0.0,220.0,0.0,0.0,0.0,0.0,0.0,0.0,0.0,2.0,0.0,0.0,0,backscatter_only,scenario_2c_static_jammer_strong,2.0,0.0,0.0,0.0,0.0,0.0,,,,,
-5101.512999999992,2.0,0.01,0.0008213552361396304,0.9170431211498973,19.195,1919.5,0.17699115044247826,11.299999999999976,0.0,11.299999999999976,0.9910714285714286,0.0,0.0999999999999975,0.0,0.0,0.0,0.0,0.0,0.0,0.0,0.0,222.0,0.9910714285714286,2.0,0.0,224.0,0.0,0.008928571428571428,0.0,2.0,174.0,2.0,224.0,0.0,0.0,0.0,0.0,0.0,0.0,2.0,0.0,0.0,0.0,1,backscatter_only,scenario_2c_static_jammer_strong,2.0,0.0,0.0,0.0,0.0,0.0,,,,,
-4950.912999999993,3.0,0.015,0.0012620950778291964,0.914598233066891,19.160500000000003,1277.3666666666668,0.2912621359223307,10.29999999999998,0.0,10.29999999999998,0.9852941176470589,0.0,0.0999999999999989,0.0,0.0,0.0,0.0,0.0,0.0,0.0,0.0,201.0,0.9852941176470589,3.0,0.0,204.0,0.0,0.014705882352941176,0.0,2.0,194.0,2.0,204.0,0.0,0.0,0.0,0.0,3.0,0.0,0.0,0.0,0.0,0.0,2,backscatter_only,scenario_2c_static_jammer_strong,0.0,0.0,3.0,0.0,0.0,0.0,,,,,
-4695.891116102642,25.0,0.125,0.010473397570171765,0.9057394218684541,19.096,152.768,0.40016343780648655,50.47447327281722,12.0,62.47447327281722,0.2916666666666667,0.0,0.5434782608695647,0.0,4.0,0.01,4.0,0.01,0.0,0.0,0.0,7.0,0.2916666666666667,9.0,16.0,12.0,24.0,0.75,0.6666666666666666,17.0,129.0,19.0,13.0,13.0,112.0,114.0,0.0,0.0,2.0,0.0,5.0,1.0,6.0,0,random,scenario_3b_mobile_chase_uav,25.0,3.0,6.0,0.0,2.0,0.0,,,,,
-4839.707510373851,24.0,0.12,0.00978393803505911,0.9090909090909091,19.193500000000007,159.9458333333334,0.3539594748834358,52.80437226013955,15.0,67.80437226013956,0.41379310344827586,0.0,0.4645161290322577,0.0,1.0,0.0025,1.0,0.0025,0.0,0.0,0.0,12.0,0.41379310344827586,10.0,14.0,14.0,30.0,0.7142857142857143,0.4666666666666667,17.0,113.0,17.0,15.0,15.0,132.0,108.0,0.0,24.0,5.0,1.0,2.0,0.0,7.0,1,random,scenario_3b_mobile_chase_uav,0.0,0.0,0.0,0.0,6.0,3.0,,,,,
-4774.179603616257,18.0,0.09,0.0074595938665561546,0.9096560298383755,19.17200000000001,213.02222222222235,0.2785385947293291,50.62300141024106,14.0,64.62300141024106,0.5384615384615384,0.0,0.40499999999999947,0.0,4.0,0.01,4.0,0.01,0.0,0.0,0.0,14.0,0.5384615384615384,6.0,12.0,12.0,28.0,0.5,0.42857142857142855,17.0,115.0,17.0,13.0,17.0,116.0,122.0,0.0,0.0,1.0,0.0,0.0,6.0,3.0,2,random,scenario_3b_mobile_chase_uav,18.0,5.0,0.0,0.0,0.0,3.0,,,,,
-5031.740999999998,1.0,0.005,0.0004166666666666667,0.91625,19.033,3806.6000000000004,0.041493775933610005,12.099999999999975,12.0,24.099999999999973,0.9958677685950413,0.0,0.09999999999999,0.0,0.0,0.0,0.0,0.0,0.0,0.0,0.0,241.0,0.9958677685950413,1.0,0.0,230.0,24.0,0.004347826086956522,0.0,0.0,158.0,0.0,230.0,12.0,0.0,0.0,0.0,0.0,0.0,0.0,1.0,0.0,0.0,0,greedy_nearest,scenario_3b_mobile_chase_uav,1.0,0.0,0.0,0.0,0.0,0.0,,,,,
-5142.244999999994,1.0,0.005,0.00040816326530612246,0.9179591836734694,19.24,3847.9999999999995,0.03508771929824565,12.499999999999972,16.0,28.49999999999997,0.9959677419354839,0.0,0.09999999999999,0.0,0.0,0.0,0.0,0.0,0.0,0.0,0.0,247.0,0.9959677419354839,1.0,0.0,232.0,32.0,0.004310344827586207,0.0,2.0,150.0,2.0,232.0,16.0,0.0,0.0,0.0,1.0,0.0,0.0,0.0,0.0,0.0,1,greedy_nearest,scenario_3b_mobile_chase_uav,0.0,0.0,0.0,0.0,1.0,0.0,,,,,
-5007.975999999994,8.0,0.04,0.00333889816360601,0.9131886477462438,19.151,478.775,0.31250000000000033,11.599999999999975,14.0,25.599999999999973,0.9695652173913043,0.0,0.09999999999999984,0.0,0.0,0.0,0.0,0.0,0.0,0.0,0.0,223.0,0.9695652173913043,6.0,2.0,216.0,28.0,0.027777777777777776,0.07142857142857142,2.0,168.0,2.0,216.0,14.0,0.0,0.0,0.0,8.0,0.0,0.0,0.0,0.0,0.0,2,greedy_nearest,scenario_3b_mobile_chase_uav,0.0,0.0,8.0,0.0,0.0,0.0,,,,,
-5562.558254833995,6.0,0.03,0.002529510961214165,0.9131534569983136,19.049,634.9666666666667,0.07912907021483141,17.82548339959391,58.0,75.8254833995939,0.9849624060150376,113.0,0.1799999999999991,0.0,0.0,0.0,0.0,0.0,0.0,0.0,0.0,262.0,0.9849624060150376,2.0,4.0,208.0,116.0,0.009615384615384616,0.034482758620689655,0.0,134.0,0.0,208.0,58.0,0.0,0.0,0.0,6.0,0.0,0.0,0.0,0.0,0.0,0,greedy_sinr,scenario_3b_mobile_chase_uav,0.0,0.0,0.0,0.0,2.0,4.0,,,,,
-4770.038420207403,100.0,0.5,0.04106776180698152,0.8767967145790554,19.164000000000033,38.32800000000007,1.2326135676984857,17.12842712474618,64.0,81.12842712474618,0.6830985915492958,0.0,0.20584602717167558,1.0,0.0,0.0,0.0,0.0,0.0,0.0,0.0,194.0,0.6830985915492958,80.0,20.0,220.0,128.0,0.36363636363636365,0.15625,2.0,114.0,2.0,220.0,64.0,0.0,0.0,0.0,100.0,0.0,0.0,9.0,0.0,68.0,1,greedy_sinr,scenario_3b_mobile_chase_uav,0.0,8.0,0.0,2.0,7.0,6.0,,,,,
-4719.572352926952,79.0,0.395,0.03322119428090833,0.8826745164003365,19.0955,48.34303797468355,1.1007407939691032,15.769848480983478,56.0,71.76984848098348,0.7637795275590551,0.0,0.38500925354719306,1.0,1.0,0.0025,0.0,0.0,0.0,1.0,0.0,194.0,0.7637795275590551,41.0,38.0,198.0,112.0,0.20707070707070707,0.3392857142857143,2.0,143.0,2.0,198.0,57.0,0.0,0.0,0.0,79.0,28.0,14.0,2.0,0.0,0.0,2,greedy_sinr,scenario_3b_mobile_chase_uav,0.0,0.0,21.0,14.0,0.0,0.0,,,,,
-4946.793000000009,6.0,0.03,0.002514668901927913,0.9136630343671417,19.0915,636.3833333333333,0.029140359397765905,19.900000000000013,186.0,205.9,0.9838709677419355,0.0,0.1799999999999991,0.0,0.0,0.0,0.0,0.0,0.0,0.0,0.0,183.0,0.9838709677419355,0.0,6.0,0.0,372.0,0.0,0.016129032258064516,191.04648630489947,2.0,212.0,0.0,186.0,0.0,0.0,0.0,4.0,0.0,0.0,2.0,0.0,0.0,0,htt_only,scenario_3b_mobile_chase_uav,2.0,4.0,0.0,0.0,0.0,0.0,,,,,
-5028.909999999991,8.0,0.04,0.003290826820238585,0.9144385026737968,19.153500000000005,478.8375000000001,0.04081632653061224,20.000000000000014,176.0,196.0,0.9772727272727273,0.0,0.09999999999999984,0.0,0.0,0.0,0.0,0.0,0.0,0.0,0.0,172.0,0.9772727272727273,0.0,8.0,0.0,352.0,0.0,0.022727272727272728,186.6516226928594,0.0,224.0,0.0,176.0,0.0,0.0,0.0,8.0,0.0,0.0,0.0,0.0,0.0,1,htt_only,scenario_3b_mobile_chase_uav,0.0,0.0,0.0,0.0,8.0,0.0,,,,,
-4949.959999999994,20.0,0.1,0.00829531314807134,0.9087515553712152,19.24700000000001,192.47000000000008,0.0970873786407767,20.000000000000014,186.0,206.0,0.946236559139785,0.0,0.09999999999999998,0.0,0.0,0.0,0.0,0.0,0.0,0.0,0.0,176.0,0.946236559139785,0.0,20.0,0.0,372.0,0.0,0.053763440860215055,199.4384120346261,0.0,214.0,0.0,186.0,0.0,0.0,0.0,20.0,0.0,0.0,0.0,0.0,0.0,2,htt_only,scenario_3b_mobile_chase_uav,0.0,0.0,20.0,0.0,0.0,0.0,,,,,
-5030.849999999994,2.0,0.01,0.0008312551953449709,0.9160432252701579,19.059,1905.9,0.1818181818181822,10.999999999999977,0.0,10.999999999999977,0.990909090909091,0.0,0.0999999999999975,0.0,0.0,0.0,0.0,0.0,0.0,0.0,0.0,218.0,0.990909090909091,2.0,0.0,220.0,0.0,0.00909090909090909,0.0,0.0,180.0,0.0,220.0,0.0,0.0,0.0,0.0,0.0,0.0,0.0,2.0,0.0,0.0,0,backscatter_only,scenario_3b_mobile_chase_uav,2.0,0.0,0.0,0.0,0.0,0.0,,,,,
-5094.441000000002,3.0,0.015,0.0012320328542094457,0.9166324435318275,19.194000000000003,1279.6000000000001,0.2654867256637174,11.299999999999976,0.0,11.299999999999976,0.9866071428571429,0.0,0.17999999999999639,0.0,0.0,0.0,0.0,0.0,0.0,0.0,0.0,221.0,0.9866071428571429,3.0,0.0,224.0,0.0,0.013392857142857142,0.0,2.0,174.0,2.0,224.0,0.0,0.0,0.0,0.0,2.0,0.0,1.0,0.0,0.0,0.0,1,backscatter_only,scenario_3b_mobile_chase_uav,1.0,0.0,0.0,0.0,2.0,0.0,,,,,
-4949.422999999994,4.0,0.02,0.0016827934371055953,0.9141775347076146,19.160000000000004,958.0000000000001,0.38834951456310757,10.29999999999998,0.0,10.29999999999998,0.9803921568627451,0.0,0.09999999999999938,0.0,0.0,0.0,0.0,0.0,0.0,0.0,0.0,200.0,0.9803921568627451,4.0,0.0,204.0,0.0,0.0196078431372549,0.0,2.0,194.0,2.0,204.0,0.0,0.0,0.0,0.0,4.0,0.0,0.0,0.0,0.0,0.0,2,backscatter_only,scenario_3b_mobile_chase_uav,0.0,0.0,4.0,0.0,0.0,0.0,,,,,
-6883.062657287145,29.0,0.145,0.008091517857142858,0.908203125,19.06266666666668,131.46666666666675,0.48760415022043496,52.47447327281719,7.0,59.47447327281719,0.25,0.0,0.6161172161172157,0.0,2.0,0.005,2.0,0.005,0.0,0.0,0.0,7.0,0.25,24.0,5.0,30.0,7.0,0.8,0.7142857142857143,38.30460314436071,93.0,34.0,26.0,4.0,131.0,112.0,0.0,0.0,2.0,0.0,1.0,2.0,4.0,0,random,scenario_4_backscatter_types_calibrated,29.0,2.0,3.0,2.0,2.0,0.0,6.0,0.0,2.0,2.0,1.0
-6873.238611043385,31.0,0.155,0.008676182479708928,0.9079205149734118,19.192666666666675,123.82365591397854,0.42145693107627075,53.55437226013955,20.0,73.55437226013956,0.47368421052631576,0.0,0.31252032520325196,1.0,3.0,0.0075,3.0,0.0075,0.0,0.0,0.0,18.0,0.47368421052631576,16.0,15.0,38.0,23.0,0.42105263157894735,0.6521739130434783,48.50423651145176,95.0,47.0,27.0,13.0,109.0,109.0,0.0,31.0,0.0,2.0,0.0,0.0,4.0,1,random,scenario_4_backscatter_types_calibrated,0.0,0.0,0.0,0.0,4.0,8.0,0.0,2.0,1.0,10.0,0.0
-6909.3951904794285,33.0,0.165,0.009161576901721266,0.9075513603553581,19.071000000000005,115.5818181818182,0.49569644301666604,50.57300141024108,16.0,66.57300141024109,0.3055555555555556,0.0,0.45093167701863335,0.0,1.0,0.0025,1.0,0.0025,0.0,0.0,0.0,11.0,0.3055555555555556,20.0,13.0,28.0,20.0,0.7142857142857143,0.65,23.5,131.0,21.0,26.0,11.0,101.0,110.0,0.0,2.0,3.0,0.0,0.0,5.0,4.0,2,random,scenario_4_backscatter_types_calibrated,31.0,1.0,0.0,0.0,0.0,5.0,0.0,1.0,8.0,2.0,4.0
-6696.9281428378035,161.0,0.805,0.04474708171206226,0.8724291272929405,18.982999999999997,23.581366459627326,9.938271604938295,16.19999999999996,0.0,16.19999999999996,0.5030864197530864,0.0,0.07006149064125955,0.0,0.0,0.0,0.0,0.0,0.0,0.0,0.0,163.0,0.5030864197530864,161.0,0.0,324.0,0.0,0.49691358024691357,0.0,0.0,76.0,0.0,324.0,0.0,0.0,0.0,0.0,157.0,0.0,0.0,4.0,0.0,0.0,0,greedy_nearest,scenario_4_backscatter_types_calibrated,4.0,0.0,0.0,0.0,0.0,0.0,0.0,157.0,0.0,0.0,0.0
-6339.948814842404,271.0,1.355,0.07565605806811837,0.8458961474036851,18.10166666666663,13.359163591635891,15.354107648725245,15.649999999999961,2.0,17.649999999999963,0.4887459807073955,0.0,0.08203452686136198,0.0,0.0,0.0,0.0,0.0,0.0,0.0,0.0,152.0,0.4887459807073955,271.0,0.0,433.0,2.0,0.625866050808314,0.0,2.5,87.0,2.0,310.0,1.0,0.0,0.0,0.0,268.0,0.0,0.0,0.0,0.0,0.0,1,greedy_nearest,scenario_4_backscatter_types_calibrated,3.0,0.0,0.0,0.0,25.0,0.0,0.0,3.0,0.0,243.0,0.0
-6790.330225208248,154.0,0.77,0.04233095107201759,0.8757559098405717,18.96800000000004,24.633766233766284,9.871794871794897,15.59999999999996,0.0,15.59999999999996,0.5,0.0,0.0702384125573819,0.0,0.0,0.0,0.0,0.0,0.0,0.0,0.0,156.0,0.5,154.0,0.0,312.0,0.0,0.4935897435897436,0.0,0.0,88.0,0.0,312.0,0.0,0.0,0.0,0.0,151.0,0.0,0.0,0.0,0.0,0.0,2,greedy_nearest,scenario_4_backscatter_types_calibrated,3.0,0.0,1.0,0.0,0.0,0.0,0.0,150.0,0.0,0.0,3.0
-7327.370526462057,10.0,0.05,0.002794076557697681,0.9133836267113719,19.092333333333336,381.8466666666667,0.17350407504372298,20.635533905932775,37.0,57.635533905932775,0.9707602339181286,10.0,0.19607843137254863,1.0,1.0,0.0025,0.0,0.0,0.0,1.0,0.0,332.0,0.9707602339181286,10.0,0.0,363.0,64.0,0.027548209366391185,0.0,0.0,57.0,0.0,310.0,33.0,0.0,0.0,0.0,5.0,0.0,0.0,0.0,0.0,0.0,0,greedy_sinr,scenario_4_backscatter_types_calibrated,5.0,0.0,0.0,0.0,1.0,0.0,0.0,4.0,1.0,4.0,0.0
-6728.576829899802,184.0,0.92,0.05077262693156733,0.8664459161147903,18.599666666666675,20.217028985507255,3.2932817565176773,19.871320343559663,36.0,55.87132034355966,0.6402266288951841,0.0,0.18416013925152305,0.0,0.0,0.0,0.0,0.0,0.0,0.0,0.0,226.0,0.6402266288951841,160.0,24.0,465.0,66.0,0.34408602150537637,0.36363636363636365,2.5,45.0,2.0,320.0,33.0,0.0,0.0,0.0,175.0,10.0,8.0,0.0,0.0,0.0,1,greedy_sinr,scenario_4_backscatter_types_calibrated,9.0,0.0,3.0,0.0,11.0,14.0,0.0,1.0,34.0,103.0,0.0
-6703.626489156674,181.0,0.905,0.049931034482758624,0.8681379310344828,18.84966666666667,20.82836095764273,3.4330503455189825,18.722792206135793,34.0,52.72279220613579,0.5157593123209169,0.0,0.15197736181662144,0.0,0.0,0.0,0.0,0.0,0.0,0.0,0.0,180.0,0.5157593123209169,153.0,28.0,318.0,61.0,0.4811320754716981,0.45901639344262296,0.0,51.0,0.0,318.0,31.0,0.0,0.0,0.0,178.0,6.0,2.0,0.0,2.0,0.0,2,greedy_sinr,scenario_4_backscatter_types_calibrated,3.0,0.0,107.0,2.0,0.0,0.0,0.0,53.0,8.0,0.0,1.0
-6848.799593646412,41.0,0.205,0.011516853932584269,0.9042134831460674,19.060000000000002,92.97560975609758,0.16936351019595514,20.082842712474637,222.0,242.08284271247464,0.4625,0.0,0.13076623881758068,0.0,0.0,0.0,0.0,0.0,0.0,0.0,0.0,37.0,0.4625,0.0,41.0,0.0,90.0,0.0,0.45555555555555555,220.78232374038,4.0,316.0,0.0,80.0,0.0,0.0,0.0,36.0,0.0,0.0,2.0,0.0,0.0,0,htt_only,scenario_4_backscatter_types_calibrated,5.0,1.0,0.0,0.0,0.0,0.0,2.0,28.0,8.0,0.0,0.0
-6786.906666666665,88.0,0.44,0.02448525319977741,0.8920422927100723,19.143333333333345,43.507575757575786,0.38427947598253276,20.000000000000014,209.0,229.0,0.5,0.0,0.06666666666666667,0.0,0.0,0.0,0.0,0.0,0.0,0.0,0.0,44.0,0.5,0.0,88.0,0.0,138.0,0.0,0.6376811594202898,214.84455023588555,0.0,312.0,0.0,88.0,0.0,0.0,0.0,88.0,0.0,0.0,0.0,0.0,0.0,1,htt_only,scenario_4_backscatter_types_calibrated,0.0,0.0,0.0,0.0,0.0,0.0,0.0,0.0,0.0,88.0,0.0
-6990.53191622159,44.0,0.22,0.0121012101210121,0.9053905390539054,19.066666666666677,86.66666666666671,0.20009095043201455,19.900000000000013,200.0,219.9,0.47297297297297297,0.0,0.12107567229518448,0.0,0.0,0.0,0.0,0.0,0.0,0.0,0.0,35.0,0.47297297297297297,0.0,44.0,0.0,85.0,0.0,0.5176470588235295,198.51127912328258,2.0,324.0,0.0,74.0,0.0,0.0,0.0,41.0,0.0,0.0,0.0,2.0,0.0,2,htt_only,scenario_4_backscatter_types_calibrated,3.0,0.0,10.0,0.0,0.0,0.0,0.0,31.0,0.0,0.0,1.0
-6696.9281428378035,161.0,0.805,0.04474708171206226,0.8724291272929405,18.982999999999997,23.581366459627326,9.938271604938295,16.19999999999996,0.0,16.19999999999996,0.5030864197530864,0.0,0.07006149064125955,0.0,0.0,0.0,0.0,0.0,0.0,0.0,0.0,163.0,0.5030864197530864,161.0,0.0,324.0,0.0,0.49691358024691357,0.0,0.0,76.0,0.0,324.0,0.0,0.0,0.0,0.0,157.0,0.0,0.0,4.0,0.0,0.0,0,backscatter_only,scenario_4_backscatter_types_calibrated,4.0,0.0,0.0,0.0,0.0,0.0,0.0,157.0,0.0,0.0,0.0
-6431.059778546306,259.0,1.295,0.07164591977869986,0.8492392807745505,18.036666666666672,13.927927927927934,16.289308176100672,15.89999999999996,0.0,15.89999999999996,0.48417721518987344,0.0,0.09639113410209434,0.0,0.0,0.0,0.0,0.0,0.0,0.0,0.0,153.0,0.48417721518987344,259.0,0.0,420.0,0.0,0.6166666666666667,0.0,2.5,82.0,2.0,316.0,0.0,0.0,0.0,0.0,254.0,0.0,0.0,0.0,0.0,0.0,1,backscatter_only,scenario_4_backscatter_types_calibrated,5.0,0.0,0.0,0.0,43.0,0.0,0.0,5.0,0.0,211.0,0.0
-6790.330225208248,154.0,0.77,0.04233095107201759,0.8757559098405717,18.96800000000004,24.633766233766284,9.871794871794897,15.59999999999996,0.0,15.59999999999996,0.5,0.0,0.0702384125573819,0.0,0.0,0.0,0.0,0.0,0.0,0.0,0.0,156.0,0.5,154.0,0.0,312.0,0.0,0.4935897435897436,0.0,0.0,88.0,0.0,312.0,0.0,0.0,0.0,0.0,151.0,0.0,0.0,0.0,0.0,0.0,2,backscatter_only,scenario_4_backscatter_types_calibrated,3.0,0.0,1.0,0.0,0.0,0.0,0.0,150.0,0.0,0.0,3.0
